<?xml version="1.0" encoding="ISO-8859-1" ?>
<link_info>
   <banner>TI ARM Linker PC v20.2.0.LTS</banner>
   <copyright>Copyright (c) 1996-2018 Texas Instruments Incorporated</copyright>
   <link_time>0x5ea099a6</link_time>
   <link_errors>0x0</link_errors>
   <output_file>A3.out</output_file>
   <entry_point>
      <name>_c_int00_noargs</name>
      <address>0x7b9</address>
   </entry_point>
   <input_file_list>
      <input_file id="fl-2">
         <path>.\</path>
         <kind>object</kind>
         <file>LCD.obj</file>
         <name>LCD.obj</name>
      </input_file>
      <input_file id="fl-3">
         <path>.\</path>
         <kind>object</kind>
         <file>main.obj</file>
         <name>main.obj</name>
      </input_file>
      <input_file id="fl-4">
         <path>.\</path>
         <kind>object</kind>
         <file>startup_msp432p401r_ccs.obj</file>
         <name>startup_msp432p401r_ccs.obj</name>
      </input_file>
      <input_file id="fl-5">
         <path>.\</path>
         <kind>object</kind>
         <file>system_msp432p401r.obj</file>
         <name>system_msp432p401r.obj</name>
      </input_file>
      <input_file id="fl-9">
         <kind>object</kind>
         <file>&lt;internal&gt;</file>
         <name>&lt;internal&gt;</name>
      </input_file>
      <input_file id="fl-bf">
         <path>C:\ti\ccs\ccs\tools\compiler\ti-cgt-arm_20.2.0.LTS\lib\</path>
         <kind>archive</kind>
         <file>rtsv7M4_T_le_v4SPD16_eabi.lib</file>
         <name>copy_zero_init.c.obj</name>
      </input_file>
      <input_file id="fl-c0">
         <path>C:\ti\ccs\ccs\tools\compiler\ti-cgt-arm_20.2.0.LTS\lib\</path>
         <kind>archive</kind>
         <file>rtsv7M4_T_le_v4SPD16_eabi.lib</file>
         <name>copy_decompress_none.c.obj</name>
      </input_file>
      <input_file id="fl-c1">
         <path>C:\ti\ccs\ccs\tools\compiler\ti-cgt-arm_20.2.0.LTS\lib\</path>
         <kind>archive</kind>
         <file>rtsv7M4_T_le_v4SPD16_eabi.lib</file>
         <name>copy_decompress_lzss.c.obj</name>
      </input_file>
      <input_file id="fl-c2">
         <path>C:\ti\ccs\ccs\tools\compiler\ti-cgt-arm_20.2.0.LTS\lib\</path>
         <kind>archive</kind>
         <file>rtsv7M4_T_le_v4SPD16_eabi.lib</file>
         <name>strlen.c.obj</name>
      </input_file>
      <input_file id="fl-c3">
         <path>C:\ti\ccs\ccs\tools\compiler\ti-cgt-arm_20.2.0.LTS\lib\</path>
         <kind>archive</kind>
         <file>rtsv7M4_T_le_v4SPD16_eabi.lib</file>
         <name>boot_cortex_m.c.obj</name>
      </input_file>
      <input_file id="fl-c4">
         <path>C:\ti\ccs\ccs\tools\compiler\ti-cgt-arm_20.2.0.LTS\lib\</path>
         <kind>archive</kind>
         <file>rtsv7M4_T_le_v4SPD16_eabi.lib</file>
         <name>memcpy_t2.asm.obj</name>
      </input_file>
      <input_file id="fl-c5">
         <path>C:\ti\ccs\ccs\tools\compiler\ti-cgt-arm_20.2.0.LTS\lib\</path>
         <kind>archive</kind>
         <file>rtsv7M4_T_le_v4SPD16_eabi.lib</file>
         <name>memset_t2.asm.obj</name>
      </input_file>
      <input_file id="fl-c6">
         <path>C:\ti\ccs\ccs\tools\compiler\ti-cgt-arm_20.2.0.LTS\lib\</path>
         <kind>archive</kind>
         <file>rtsv7M4_T_le_v4SPD16_eabi.lib</file>
         <name>autoinit.c.obj</name>
      </input_file>
      <input_file id="fl-c7">
         <path>C:\ti\ccs\ccs\tools\compiler\ti-cgt-arm_20.2.0.LTS\lib\</path>
         <kind>archive</kind>
         <file>rtsv7M4_T_le_v4SPD16_eabi.lib</file>
         <name>pre_init.c.obj</name>
      </input_file>
      <input_file id="fl-c8">
         <path>C:\ti\ccs\ccs\tools\compiler\ti-cgt-arm_20.2.0.LTS\lib\</path>
         <kind>archive</kind>
         <file>rtsv7M4_T_le_v4SPD16_eabi.lib</file>
         <name>cpy_tbl.c.obj</name>
      </input_file>
      <input_file id="fl-c9">
         <path>C:\ti\ccs\ccs\tools\compiler\ti-cgt-arm_20.2.0.LTS\lib\</path>
         <kind>archive</kind>
         <file>rtsv7M4_T_le_v4SPD16_eabi.lib</file>
         <name>exit.c.obj</name>
      </input_file>
      <input_file id="fl-ca">
         <path>C:\ti\ccs\ccs\tools\compiler\ti-cgt-arm_20.2.0.LTS\lib\</path>
         <kind>archive</kind>
         <file>rtsv7M4_T_le_v4SPD16_eabi.lib</file>
         <name>_lock.c.obj</name>
      </input_file>
      <input_file id="fl-cb">
         <path>C:\ti\ccs\ccs\tools\compiler\ti-cgt-arm_20.2.0.LTS\lib\</path>
         <kind>archive</kind>
         <file>rtsv7M4_T_le_v4SPD16_eabi.lib</file>
         <name>args_main.c.obj</name>
      </input_file>
   </input_file_list>
   <object_component_list>
      <object_component id="oc-26">
         <name>.intvecs:retain</name>
         <load_address>0x0</load_address>
         <run_address>0x0</run_address>
         <size>0xe4</size>
         <input_file_ref idref="fl-4"/>
      </object_component>
      <object_component id="oc-a5">
         <name>.text</name>
         <load_address>0xe4</load_address>
         <run_address>0xe4</run_address>
         <size>0x334</size>
         <input_file_ref idref="fl-5"/>
      </object_component>
      <object_component id="oc-c3">
         <name>.text</name>
         <load_address>0x418</load_address>
         <run_address>0x418</run_address>
         <size>0x1bc</size>
         <input_file_ref idref="fl-2"/>
      </object_component>
      <object_component id="oc-93">
         <name>.text</name>
         <load_address>0x5d4</load_address>
         <run_address>0x5d4</run_address>
         <size>0x9c</size>
         <input_file_ref idref="fl-3"/>
      </object_component>
      <object_component id="oc-37">
         <name>.text</name>
         <load_address>0x670</load_address>
         <run_address>0x670</run_address>
         <size>0x9c</size>
         <input_file_ref idref="fl-c4"/>
      </object_component>
      <object_component id="oc-17">
         <name>.text:decompress:lzss:__TI_decompress_lzss</name>
         <load_address>0x70c</load_address>
         <run_address>0x70c</run_address>
         <size>0x68</size>
         <input_file_ref idref="fl-c1"/>
      </object_component>
      <object_component id="oc-d6">
         <name>.text:__TI_auto_init_nobinit_nopinit:__TI_auto_init_nobinit_nopinit</name>
         <load_address>0x774</load_address>
         <run_address>0x774</run_address>
         <size>0x44</size>
         <input_file_ref idref="fl-c6"/>
      </object_component>
      <object_component id="oc-55">
         <name>.text:_c_int00_noargs:_c_int00_noargs</name>
         <load_address>0x7b8</load_address>
         <run_address>0x7b8</run_address>
         <size>0x34</size>
         <input_file_ref idref="fl-c3"/>
      </object_component>
      <object_component id="oc-117">
         <name>.text:strlen</name>
         <load_address>0x7ec</load_address>
         <run_address>0x7ec</run_address>
         <size>0x14</size>
         <input_file_ref idref="fl-c2"/>
      </object_component>
      <object_component id="oc-1d">
         <name>.text:decompress:none:__TI_decompress_none</name>
         <load_address>0x800</load_address>
         <run_address>0x800</run_address>
         <size>0xe</size>
         <input_file_ref idref="fl-c0"/>
      </object_component>
      <object_component id="oc-67">
         <name>.text</name>
         <load_address>0x80e</load_address>
         <run_address>0x80e</run_address>
         <size>0xe</size>
         <input_file_ref idref="fl-4"/>
      </object_component>
      <object_component id="oc-8d">
         <name>.text:_system_pre_init</name>
         <load_address>0x81c</load_address>
         <run_address>0x81c</run_address>
         <size>0x4</size>
         <input_file_ref idref="fl-c7"/>
      </object_component>
      <object_component id="oc-ca">
         <name>.text:abort:abort</name>
         <load_address>0x820</load_address>
         <run_address>0x820</run_address>
         <size>0x4</size>
         <input_file_ref idref="fl-c9"/>
      </object_component>
      <object_component id="oc-1b6">
         <name>.cinit..data.load</name>
         <load_address>0x828</load_address>
         <run_address>0x828</run_address>
         <size>0x8</size>
      </object_component>
      <object_component id="oc-1b4">
         <name>__TI_handler_table</name>
         <load_address>0x830</load_address>
         <run_address>0x830</run_address>
         <size>0x8</size>
      </object_component>
      <object_component id="oc-1b5">
         <name>__TI_cinit_table</name>
         <load_address>0x838</load_address>
         <run_address>0x838</run_address>
         <size>0x8</size>
      </object_component>
      <object_component id="oc-188">
         <name>.binit</name>
         <load_address>0x0</load_address>
         <run_address>0x0</run_address>
         <size>0x0</size>
      </object_component>
      <object_component id="oc-108">
         <name>.data</name>
         <load_address>0x20000000</load_address>
         <run_address>0x20000000</run_address>
         <size>0x4</size>
         <input_file_ref idref="fl-5"/>
      </object_component>
      <object_component id="oc-29">
         <name>.stack</name>
         <uninitialized>true</uninitialized>
         <run_address>0x2000fe00</run_address>
         <size>0x4</size>
         <input_file_ref idref="fl-c3"/>
      </object_component>
      <object_component id="oc-1b8">
         <name>.stack</name>
         <uninitialized>true</uninitialized>
         <run_address>0x2000fe00</run_address>
         <size>0x0</size>
      </object_component>
      <object_component id="oc-116">
         <name>.debug_info</name>
         <load_address>0x0</load_address>
         <run_address>0x0</run_address>
         <size>0x550</size>
         <input_file_ref idref="fl-2"/>
      </object_component>
      <object_component id="oc-c5">
         <name>.debug_info</name>
         <load_address>0x550</load_address>
         <run_address>0x550</run_address>
         <size>0x62d</size>
         <input_file_ref idref="fl-2"/>
      </object_component>
      <object_component id="oc-142">
         <name>.debug_info</name>
         <load_address>0xb7d</load_address>
         <run_address>0xb7d</run_address>
         <size>0x37e2</size>
         <input_file_ref idref="fl-2"/>
      </object_component>
      <object_component id="oc-ae">
         <name>.debug_info</name>
         <load_address>0x435f</load_address>
         <run_address>0x435f</run_address>
         <size>0x26b</size>
         <input_file_ref idref="fl-2"/>
      </object_component>
      <object_component id="oc-147">
         <name>.debug_info</name>
         <load_address>0x45ca</load_address>
         <run_address>0x45ca</run_address>
         <size>0x1055</size>
         <input_file_ref idref="fl-2"/>
      </object_component>
      <object_component id="oc-32">
         <name>.debug_info</name>
         <load_address>0x561f</load_address>
         <run_address>0x561f</run_address>
         <size>0x84</size>
         <input_file_ref idref="fl-2"/>
      </object_component>
      <object_component id="oc-111">
         <name>.debug_info</name>
         <load_address>0x56a3</load_address>
         <run_address>0x56a3</run_address>
         <size>0x2a4</size>
         <input_file_ref idref="fl-2"/>
      </object_component>
      <object_component id="oc-10c">
         <name>.debug_info</name>
         <load_address>0x5947</load_address>
         <run_address>0x5947</run_address>
         <size>0xbb</size>
         <input_file_ref idref="fl-2"/>
      </object_component>
      <object_component id="oc-14c">
         <name>.debug_info</name>
         <load_address>0x5a02</load_address>
         <run_address>0x5a02</run_address>
         <size>0xcc</size>
         <input_file_ref idref="fl-2"/>
      </object_component>
      <object_component id="oc-96">
         <name>.debug_info</name>
         <load_address>0x5ace</load_address>
         <run_address>0x5ace</run_address>
         <size>0x266</size>
         <input_file_ref idref="fl-3"/>
      </object_component>
      <object_component id="oc-6f">
         <name>.debug_info</name>
         <load_address>0x5d34</load_address>
         <run_address>0x5d34</run_address>
         <size>0x2b8</size>
         <input_file_ref idref="fl-4"/>
      </object_component>
      <object_component id="oc-27">
         <name>.debug_info</name>
         <load_address>0x5fec</load_address>
         <run_address>0x5fec</run_address>
         <size>0xe4</size>
         <input_file_ref idref="fl-4"/>
      </object_component>
      <object_component id="oc-6a">
         <name>.debug_info</name>
         <load_address>0x60d0</load_address>
         <run_address>0x60d0</run_address>
         <size>0x1ab</size>
         <input_file_ref idref="fl-4"/>
      </object_component>
      <object_component id="oc-109">
         <name>.debug_info</name>
         <load_address>0x627b</load_address>
         <run_address>0x627b</run_address>
         <size>0xdd</size>
         <input_file_ref idref="fl-5"/>
      </object_component>
      <object_component id="oc-a6">
         <name>.debug_info</name>
         <load_address>0x6358</load_address>
         <run_address>0x6358</run_address>
         <size>0x24f</size>
         <input_file_ref idref="fl-5"/>
      </object_component>
      <object_component id="oc-ba">
         <name>.debug_info</name>
         <load_address>0x65a7</load_address>
         <run_address>0x65a7</run_address>
         <size>0x2c</size>
         <input_file_ref idref="fl-bf"/>
      </object_component>
      <object_component id="oc-42">
         <name>.debug_info</name>
         <load_address>0x65d3</load_address>
         <run_address>0x65d3</run_address>
         <size>0x2a8</size>
         <input_file_ref idref="fl-c0"/>
      </object_component>
      <object_component id="oc-1f">
         <name>.debug_info</name>
         <load_address>0x687b</load_address>
         <run_address>0x687b</run_address>
         <size>0x1ea</size>
         <input_file_ref idref="fl-c0"/>
      </object_component>
      <object_component id="oc-3d">
         <name>.debug_info</name>
         <load_address>0x6a65</load_address>
         <run_address>0x6a65</run_address>
         <size>0x46</size>
         <input_file_ref idref="fl-c0"/>
      </object_component>
      <object_component id="oc-79">
         <name>.debug_info</name>
         <load_address>0x6aab</load_address>
         <run_address>0x6aab</run_address>
         <size>0x2c</size>
         <input_file_ref idref="fl-c0"/>
      </object_component>
      <object_component id="oc-77">
         <name>.debug_info</name>
         <load_address>0x6ad7</load_address>
         <run_address>0x6ad7</run_address>
         <size>0x29e</size>
         <input_file_ref idref="fl-c1"/>
      </object_component>
      <object_component id="oc-19">
         <name>.debug_info</name>
         <load_address>0x6d75</load_address>
         <run_address>0x6d75</run_address>
         <size>0x250</size>
         <input_file_ref idref="fl-c1"/>
      </object_component>
      <object_component id="oc-2d">
         <name>.debug_info</name>
         <load_address>0x6fc5</load_address>
         <run_address>0x6fc5</run_address>
         <size>0x60</size>
         <input_file_ref idref="fl-c1"/>
      </object_component>
      <object_component id="oc-b3">
         <name>.debug_info</name>
         <load_address>0x7025</load_address>
         <run_address>0x7025</run_address>
         <size>0x46</size>
         <input_file_ref idref="fl-c1"/>
      </object_component>
      <object_component id="oc-72">
         <name>.debug_info</name>
         <load_address>0x706b</load_address>
         <run_address>0x706b</run_address>
         <size>0x39</size>
         <input_file_ref idref="fl-c1"/>
      </object_component>
      <object_component id="oc-152">
         <name>.debug_info</name>
         <load_address>0x70a4</load_address>
         <run_address>0x70a4</run_address>
         <size>0x28f</size>
         <input_file_ref idref="fl-c2"/>
      </object_component>
      <object_component id="oc-119">
         <name>.debug_info</name>
         <load_address>0x7333</load_address>
         <run_address>0x7333</run_address>
         <size>0x245</size>
         <input_file_ref idref="fl-c2"/>
      </object_component>
      <object_component id="oc-2a">
         <name>.debug_info</name>
         <load_address>0x7578</load_address>
         <run_address>0x7578</run_address>
         <size>0x10b</size>
         <input_file_ref idref="fl-c3"/>
      </object_component>
      <object_component id="oc-56">
         <name>.debug_info</name>
         <load_address>0x7683</load_address>
         <run_address>0x7683</run_address>
         <size>0x1a9</size>
         <input_file_ref idref="fl-c3"/>
      </object_component>
      <object_component id="oc-39">
         <name>.debug_info</name>
         <load_address>0x782c</load_address>
         <run_address>0x782c</run_address>
         <size>0x119</size>
         <input_file_ref idref="fl-c4"/>
      </object_component>
      <object_component id="oc-129">
         <name>.debug_info</name>
         <load_address>0x7945</load_address>
         <run_address>0x7945</run_address>
         <size>0x4b3</size>
         <input_file_ref idref="fl-c6"/>
      </object_component>
      <object_component id="oc-d7">
         <name>.debug_info</name>
         <load_address>0x7df8</load_address>
         <run_address>0x7df8</run_address>
         <size>0x1a6</size>
         <input_file_ref idref="fl-c6"/>
      </object_component>
      <object_component id="oc-163">
         <name>.debug_info</name>
         <load_address>0x7f9e</load_address>
         <run_address>0x7f9e</run_address>
         <size>0x39</size>
         <input_file_ref idref="fl-c6"/>
      </object_component>
      <object_component id="oc-179">
         <name>.debug_info</name>
         <load_address>0x7fd7</load_address>
         <run_address>0x7fd7</run_address>
         <size>0x39</size>
         <input_file_ref idref="fl-c6"/>
      </object_component>
      <object_component id="oc-168">
         <name>.debug_info</name>
         <load_address>0x8010</load_address>
         <run_address>0x8010</run_address>
         <size>0x39</size>
         <input_file_ref idref="fl-c6"/>
      </object_component>
      <object_component id="oc-16d">
         <name>.debug_info</name>
         <load_address>0x8049</load_address>
         <run_address>0x8049</run_address>
         <size>0xcd</size>
         <input_file_ref idref="fl-c6"/>
      </object_component>
      <object_component id="oc-90">
         <name>.debug_info</name>
         <load_address>0x8116</load_address>
         <run_address>0x8116</run_address>
         <size>0x153</size>
         <input_file_ref idref="fl-c7"/>
      </object_component>
      <object_component id="oc-ce">
         <name>.debug_info</name>
         <load_address>0x8269</load_address>
         <run_address>0x8269</run_address>
         <size>0x122</size>
         <input_file_ref idref="fl-c9"/>
      </object_component>
      <object_component id="oc-1b9">
         <name>.debug_info</name>
         <load_address>0x838b</load_address>
         <run_address>0x838b</run_address>
         <size>0x90</size>
      </object_component>
      <object_component id="oc-141">
         <name>.debug_line</name>
         <load_address>0x0</load_address>
         <run_address>0x0</run_address>
         <size>0x67</size>
         <input_file_ref idref="fl-2"/>
      </object_component>
      <object_component id="oc-c4">
         <name>.debug_line</name>
         <load_address>0x67</load_address>
         <run_address>0x67</run_address>
         <size>0x14a</size>
         <input_file_ref idref="fl-2"/>
      </object_component>
      <object_component id="oc-145">
         <name>.debug_line</name>
         <load_address>0x1b1</load_address>
         <run_address>0x1b1</run_address>
         <size>0x54</size>
         <input_file_ref idref="fl-2"/>
      </object_component>
      <object_component id="oc-b1">
         <name>.debug_line</name>
         <load_address>0x205</load_address>
         <run_address>0x205</run_address>
         <size>0x6b</size>
         <input_file_ref idref="fl-2"/>
      </object_component>
      <object_component id="oc-14a">
         <name>.debug_line</name>
         <load_address>0x270</load_address>
         <run_address>0x270</run_address>
         <size>0x57</size>
         <input_file_ref idref="fl-2"/>
      </object_component>
      <object_component id="oc-35">
         <name>.debug_line</name>
         <load_address>0x2c7</load_address>
         <run_address>0x2c7</run_address>
         <size>0x20</size>
         <input_file_ref idref="fl-2"/>
      </object_component>
      <object_component id="oc-114">
         <name>.debug_line</name>
         <load_address>0x2e7</load_address>
         <run_address>0x2e7</run_address>
         <size>0x6f</size>
         <input_file_ref idref="fl-2"/>
      </object_component>
      <object_component id="oc-10f">
         <name>.debug_line</name>
         <load_address>0x356</load_address>
         <run_address>0x356</run_address>
         <size>0x6c</size>
         <input_file_ref idref="fl-2"/>
      </object_component>
      <object_component id="oc-14f">
         <name>.debug_line</name>
         <load_address>0x3c2</load_address>
         <run_address>0x3c2</run_address>
         <size>0x66</size>
         <input_file_ref idref="fl-2"/>
      </object_component>
      <object_component id="oc-95">
         <name>.debug_line</name>
         <load_address>0x428</load_address>
         <run_address>0x428</run_address>
         <size>0x57</size>
         <input_file_ref idref="fl-3"/>
      </object_component>
      <object_component id="oc-ad">
         <name>.debug_line</name>
         <load_address>0x47f</load_address>
         <run_address>0x47f</run_address>
         <size>0x40</size>
         <input_file_ref idref="fl-4"/>
      </object_component>
      <object_component id="oc-6e">
         <name>.debug_line</name>
         <load_address>0x4bf</load_address>
         <run_address>0x4bf</run_address>
         <size>0x40</size>
         <input_file_ref idref="fl-4"/>
      </object_component>
      <object_component id="oc-68">
         <name>.debug_line</name>
         <load_address>0x4ff</load_address>
         <run_address>0x4ff</run_address>
         <size>0x71</size>
         <input_file_ref idref="fl-4"/>
      </object_component>
      <object_component id="oc-13f">
         <name>.debug_line</name>
         <load_address>0x570</load_address>
         <run_address>0x570</run_address>
         <size>0x3b</size>
         <input_file_ref idref="fl-5"/>
      </object_component>
      <object_component id="oc-aa">
         <name>.debug_line</name>
         <load_address>0x5ab</load_address>
         <run_address>0x5ab</run_address>
         <size>0x134</size>
         <input_file_ref idref="fl-5"/>
      </object_component>
      <object_component id="oc-bd">
         <name>.debug_line</name>
         <load_address>0x6df</load_address>
         <run_address>0x6df</run_address>
         <size>0x92</size>
         <input_file_ref idref="fl-bf"/>
      </object_component>
      <object_component id="oc-7f">
         <name>.debug_line</name>
         <load_address>0x771</load_address>
         <run_address>0x771</run_address>
         <size>0x20</size>
         <input_file_ref idref="fl-c0"/>
      </object_component>
      <object_component id="oc-21">
         <name>.debug_line</name>
         <load_address>0x791</load_address>
         <run_address>0x791</run_address>
         <size>0x55</size>
         <input_file_ref idref="fl-c0"/>
      </object_component>
      <object_component id="oc-40">
         <name>.debug_line</name>
         <load_address>0x7e6</load_address>
         <run_address>0x7e6</run_address>
         <size>0x3a</size>
         <input_file_ref idref="fl-c0"/>
      </object_component>
      <object_component id="oc-7c">
         <name>.debug_line</name>
         <load_address>0x820</load_address>
         <run_address>0x820</run_address>
         <size>0x92</size>
         <input_file_ref idref="fl-c0"/>
      </object_component>
      <object_component id="oc-b9">
         <name>.debug_line</name>
         <load_address>0x8b2</load_address>
         <run_address>0x8b2</run_address>
         <size>0x20</size>
         <input_file_ref idref="fl-c1"/>
      </object_component>
      <object_component id="oc-18">
         <name>.debug_line</name>
         <load_address>0x8d2</load_address>
         <run_address>0x8d2</run_address>
         <size>0xa9</size>
         <input_file_ref idref="fl-c1"/>
      </object_component>
      <object_component id="oc-30">
         <name>.debug_line</name>
         <load_address>0x97b</load_address>
         <run_address>0x97b</run_address>
         <size>0x3a</size>
         <input_file_ref idref="fl-c1"/>
      </object_component>
      <object_component id="oc-b6">
         <name>.debug_line</name>
         <load_address>0x9b5</load_address>
         <run_address>0x9b5</run_address>
         <size>0x9a</size>
         <input_file_ref idref="fl-c1"/>
      </object_component>
      <object_component id="oc-75">
         <name>.debug_line</name>
         <load_address>0xa4f</load_address>
         <run_address>0xa4f</run_address>
         <size>0x96</size>
         <input_file_ref idref="fl-c1"/>
      </object_component>
      <object_component id="oc-175">
         <name>.debug_line</name>
         <load_address>0xae5</load_address>
         <run_address>0xae5</run_address>
         <size>0x20</size>
         <input_file_ref idref="fl-c2"/>
      </object_component>
      <object_component id="oc-11b">
         <name>.debug_line</name>
         <load_address>0xb05</load_address>
         <run_address>0xb05</run_address>
         <size>0xb2</size>
         <input_file_ref idref="fl-c2"/>
      </object_component>
      <object_component id="oc-71">
         <name>.debug_line</name>
         <load_address>0xbb7</load_address>
         <run_address>0xbb7</run_address>
         <size>0x33</size>
         <input_file_ref idref="fl-c3"/>
      </object_component>
      <object_component id="oc-59">
         <name>.debug_line</name>
         <load_address>0xbea</load_address>
         <run_address>0xbea</run_address>
         <size>0x45</size>
         <input_file_ref idref="fl-c3"/>
      </object_component>
      <object_component id="oc-3b">
         <name>.debug_line</name>
         <load_address>0xc2f</load_address>
         <run_address>0xc2f</run_address>
         <size>0x88</size>
         <input_file_ref idref="fl-c4"/>
      </object_component>
      <object_component id="oc-162">
         <name>.debug_line</name>
         <load_address>0xcb7</load_address>
         <run_address>0xcb7</run_address>
         <size>0xbf</size>
         <input_file_ref idref="fl-c6"/>
      </object_component>
      <object_component id="oc-db">
         <name>.debug_line</name>
         <load_address>0xd76</load_address>
         <run_address>0xd76</run_address>
         <size>0x6f</size>
         <input_file_ref idref="fl-c6"/>
      </object_component>
      <object_component id="oc-166">
         <name>.debug_line</name>
         <load_address>0xde5</load_address>
         <run_address>0xde5</run_address>
         <size>0x2e</size>
         <input_file_ref idref="fl-c6"/>
      </object_component>
      <object_component id="oc-17c">
         <name>.debug_line</name>
         <load_address>0xe13</load_address>
         <run_address>0xe13</run_address>
         <size>0x9a</size>
         <input_file_ref idref="fl-c6"/>
      </object_component>
      <object_component id="oc-16b">
         <name>.debug_line</name>
         <load_address>0xead</load_address>
         <run_address>0xead</run_address>
         <size>0x97</size>
         <input_file_ref idref="fl-c6"/>
      </object_component>
      <object_component id="oc-170">
         <name>.debug_line</name>
         <load_address>0xf44</load_address>
         <run_address>0xf44</run_address>
         <size>0x93</size>
         <input_file_ref idref="fl-c6"/>
      </object_component>
      <object_component id="oc-92">
         <name>.debug_line</name>
         <load_address>0xfd7</load_address>
         <run_address>0xfd7</run_address>
         <size>0x40</size>
         <input_file_ref idref="fl-c7"/>
      </object_component>
      <object_component id="oc-cc">
         <name>.debug_line</name>
         <load_address>0x1017</load_address>
         <run_address>0x1017</run_address>
         <size>0x3c</size>
         <input_file_ref idref="fl-c9"/>
      </object_component>
      <object_component id="oc-c8">
         <name>.debug_frame</name>
         <load_address>0x0</load_address>
         <run_address>0x0</run_address>
         <size>0x11c</size>
         <input_file_ref idref="fl-2"/>
      </object_component>
      <object_component id="oc-98">
         <name>.debug_frame</name>
         <load_address>0x11c</load_address>
         <run_address>0x11c</run_address>
         <size>0x58</size>
         <input_file_ref idref="fl-3"/>
      </object_component>
      <object_component id="oc-69">
         <name>.debug_frame</name>
         <load_address>0x174</load_address>
         <run_address>0x174</run_address>
         <size>0x6c</size>
         <input_file_ref idref="fl-4"/>
      </object_component>
      <object_component id="oc-a9">
         <name>.debug_frame</name>
         <load_address>0x1e0</load_address>
         <run_address>0x1e0</run_address>
         <size>0x70</size>
         <input_file_ref idref="fl-5"/>
      </object_component>
      <object_component id="oc-22">
         <name>.debug_frame</name>
         <load_address>0x250</load_address>
         <run_address>0x250</run_address>
         <size>0x54</size>
         <input_file_ref idref="fl-c0"/>
      </object_component>
      <object_component id="oc-1c">
         <name>.debug_frame</name>
         <load_address>0x2a4</load_address>
         <run_address>0x2a4</run_address>
         <size>0x60</size>
         <input_file_ref idref="fl-c1"/>
      </object_component>
      <object_component id="oc-11c">
         <name>.debug_frame</name>
         <load_address>0x304</load_address>
         <run_address>0x304</run_address>
         <size>0x54</size>
         <input_file_ref idref="fl-c2"/>
      </object_component>
      <object_component id="oc-5a">
         <name>.debug_frame</name>
         <load_address>0x358</load_address>
         <run_address>0x358</run_address>
         <size>0x50</size>
         <input_file_ref idref="fl-c3"/>
      </object_component>
      <object_component id="oc-da">
         <name>.debug_frame</name>
         <load_address>0x3a8</load_address>
         <run_address>0x3a8</run_address>
         <size>0x5c</size>
         <input_file_ref idref="fl-c6"/>
      </object_component>
      <object_component id="oc-8e">
         <name>.debug_frame</name>
         <load_address>0x404</load_address>
         <run_address>0x404</run_address>
         <size>0x54</size>
         <input_file_ref idref="fl-c7"/>
      </object_component>
      <object_component id="oc-cb">
         <name>.debug_frame</name>
         <load_address>0x458</load_address>
         <run_address>0x458</run_address>
         <size>0x54</size>
         <input_file_ref idref="fl-c9"/>
      </object_component>
      <object_component id="oc-140">
         <name>.debug_abbrev</name>
         <load_address>0x0</load_address>
         <run_address>0x0</run_address>
         <size>0x99</size>
         <input_file_ref idref="fl-2"/>
      </object_component>
      <object_component id="oc-11d">
         <name>.debug_abbrev</name>
         <load_address>0x99</load_address>
         <run_address>0x99</run_address>
         <size>0x7a</size>
         <input_file_ref idref="fl-2"/>
      </object_component>
      <object_component id="oc-144">
         <name>.debug_abbrev</name>
         <load_address>0x113</load_address>
         <run_address>0x113</run_address>
         <size>0xbd</size>
         <input_file_ref idref="fl-2"/>
      </object_component>
      <object_component id="oc-b0">
         <name>.debug_abbrev</name>
         <load_address>0x1d0</load_address>
         <run_address>0x1d0</run_address>
         <size>0x69</size>
         <input_file_ref idref="fl-2"/>
      </object_component>
      <object_component id="oc-149">
         <name>.debug_abbrev</name>
         <load_address>0x239</load_address>
         <run_address>0x239</run_address>
         <size>0x97</size>
         <input_file_ref idref="fl-2"/>
      </object_component>
      <object_component id="oc-34">
         <name>.debug_abbrev</name>
         <load_address>0x2d0</load_address>
         <run_address>0x2d0</run_address>
         <size>0x1f</size>
         <input_file_ref idref="fl-2"/>
      </object_component>
      <object_component id="oc-113">
         <name>.debug_abbrev</name>
         <load_address>0x2ef</load_address>
         <run_address>0x2ef</run_address>
         <size>0x5c</size>
         <input_file_ref idref="fl-2"/>
      </object_component>
      <object_component id="oc-10e">
         <name>.debug_abbrev</name>
         <load_address>0x34b</load_address>
         <run_address>0x34b</run_address>
         <size>0x24</size>
         <input_file_ref idref="fl-2"/>
      </object_component>
      <object_component id="oc-14e">
         <name>.debug_abbrev</name>
         <load_address>0x36f</load_address>
         <run_address>0x36f</run_address>
         <size>0x5c</size>
         <input_file_ref idref="fl-2"/>
      </object_component>
      <object_component id="oc-c9">
         <name>.debug_abbrev</name>
         <load_address>0x3cb</load_address>
         <run_address>0x3cb</run_address>
         <size>0x54</size>
         <input_file_ref idref="fl-3"/>
      </object_component>
      <object_component id="oc-ac">
         <name>.debug_abbrev</name>
         <load_address>0x41f</load_address>
         <run_address>0x41f</run_address>
         <size>0x7c</size>
         <input_file_ref idref="fl-4"/>
      </object_component>
      <object_component id="oc-6d">
         <name>.debug_abbrev</name>
         <load_address>0x49b</load_address>
         <run_address>0x49b</run_address>
         <size>0x29</size>
         <input_file_ref idref="fl-4"/>
      </object_component>
      <object_component id="oc-ab">
         <name>.debug_abbrev</name>
         <load_address>0x4c4</load_address>
         <run_address>0x4c4</run_address>
         <size>0x89</size>
         <input_file_ref idref="fl-4"/>
      </object_component>
      <object_component id="oc-13e">
         <name>.debug_abbrev</name>
         <load_address>0x54d</load_address>
         <run_address>0x54d</run_address>
         <size>0x29</size>
         <input_file_ref idref="fl-5"/>
      </object_component>
      <object_component id="oc-10b">
         <name>.debug_abbrev</name>
         <load_address>0x576</load_address>
         <run_address>0x576</run_address>
         <size>0x8b</size>
         <input_file_ref idref="fl-5"/>
      </object_component>
      <object_component id="oc-bc">
         <name>.debug_abbrev</name>
         <load_address>0x601</load_address>
         <run_address>0x601</run_address>
         <size>0x24</size>
         <input_file_ref idref="fl-bf"/>
      </object_component>
      <object_component id="oc-7e">
         <name>.debug_abbrev</name>
         <load_address>0x625</load_address>
         <run_address>0x625</run_address>
         <size>0x37</size>
         <input_file_ref idref="fl-c0"/>
      </object_component>
      <object_component id="oc-3c">
         <name>.debug_abbrev</name>
         <load_address>0x65c</load_address>
         <run_address>0x65c</run_address>
         <size>0x74</size>
         <input_file_ref idref="fl-c0"/>
      </object_component>
      <object_component id="oc-3f">
         <name>.debug_abbrev</name>
         <load_address>0x6d0</load_address>
         <run_address>0x6d0</run_address>
         <size>0x24</size>
         <input_file_ref idref="fl-c0"/>
      </object_component>
      <object_component id="oc-7b">
         <name>.debug_abbrev</name>
         <load_address>0x6f4</load_address>
         <run_address>0x6f4</run_address>
         <size>0x24</size>
         <input_file_ref idref="fl-c0"/>
      </object_component>
      <object_component id="oc-b8">
         <name>.debug_abbrev</name>
         <load_address>0x718</load_address>
         <run_address>0x718</run_address>
         <size>0x37</size>
         <input_file_ref idref="fl-c1"/>
      </object_component>
      <object_component id="oc-2c">
         <name>.debug_abbrev</name>
         <load_address>0x74f</load_address>
         <run_address>0x74f</run_address>
         <size>0x6f</size>
         <input_file_ref idref="fl-c1"/>
      </object_component>
      <object_component id="oc-2f">
         <name>.debug_abbrev</name>
         <load_address>0x7be</load_address>
         <run_address>0x7be</run_address>
         <size>0x24</size>
         <input_file_ref idref="fl-c1"/>
      </object_component>
      <object_component id="oc-b5">
         <name>.debug_abbrev</name>
         <load_address>0x7e2</load_address>
         <run_address>0x7e2</run_address>
         <size>0x35</size>
         <input_file_ref idref="fl-c1"/>
      </object_component>
      <object_component id="oc-74">
         <name>.debug_abbrev</name>
         <load_address>0x817</load_address>
         <run_address>0x817</run_address>
         <size>0x24</size>
         <input_file_ref idref="fl-c1"/>
      </object_component>
      <object_component id="oc-174">
         <name>.debug_abbrev</name>
         <load_address>0x83b</load_address>
         <run_address>0x83b</run_address>
         <size>0x35</size>
         <input_file_ref idref="fl-c2"/>
      </object_component>
      <object_component id="oc-151">
         <name>.debug_abbrev</name>
         <load_address>0x870</load_address>
         <run_address>0x870</run_address>
         <size>0x71</size>
         <input_file_ref idref="fl-c2"/>
      </object_component>
      <object_component id="oc-70">
         <name>.debug_abbrev</name>
         <load_address>0x8e1</load_address>
         <run_address>0x8e1</run_address>
         <size>0x29</size>
         <input_file_ref idref="fl-c3"/>
      </object_component>
      <object_component id="oc-9c">
         <name>.debug_abbrev</name>
         <load_address>0x90a</load_address>
         <run_address>0x90a</run_address>
         <size>0x55</size>
         <input_file_ref idref="fl-c3"/>
      </object_component>
      <object_component id="oc-78">
         <name>.debug_abbrev</name>
         <load_address>0x95f</load_address>
         <run_address>0x95f</run_address>
         <size>0x3e</size>
         <input_file_ref idref="fl-c4"/>
      </object_component>
      <object_component id="oc-161">
         <name>.debug_abbrev</name>
         <load_address>0x99d</load_address>
         <run_address>0x99d</run_address>
         <size>0xc0</size>
         <input_file_ref idref="fl-c6"/>
      </object_component>
      <object_component id="oc-128">
         <name>.debug_abbrev</name>
         <load_address>0xa5d</load_address>
         <run_address>0xa5d</run_address>
         <size>0x7e</size>
         <input_file_ref idref="fl-c6"/>
      </object_component>
      <object_component id="oc-165">
         <name>.debug_abbrev</name>
         <load_address>0xadb</load_address>
         <run_address>0xadb</run_address>
         <size>0x24</size>
         <input_file_ref idref="fl-c6"/>
      </object_component>
      <object_component id="oc-17b">
         <name>.debug_abbrev</name>
         <load_address>0xaff</load_address>
         <run_address>0xaff</run_address>
         <size>0x24</size>
         <input_file_ref idref="fl-c6"/>
      </object_component>
      <object_component id="oc-16a">
         <name>.debug_abbrev</name>
         <load_address>0xb23</load_address>
         <run_address>0xb23</run_address>
         <size>0x24</size>
         <input_file_ref idref="fl-c6"/>
      </object_component>
      <object_component id="oc-16f">
         <name>.debug_abbrev</name>
         <load_address>0xb47</load_address>
         <run_address>0xb47</run_address>
         <size>0x4b</size>
         <input_file_ref idref="fl-c6"/>
      </object_component>
      <object_component id="oc-c2">
         <name>.debug_abbrev</name>
         <load_address>0xb92</load_address>
         <run_address>0xb92</run_address>
         <size>0x55</size>
         <input_file_ref idref="fl-c7"/>
      </object_component>
      <object_component id="oc-11e">
         <name>.debug_abbrev</name>
         <load_address>0xbe7</load_address>
         <run_address>0xbe7</run_address>
         <size>0x45</size>
         <input_file_ref idref="fl-c9"/>
      </object_component>
      <object_component id="oc-1ba">
         <name>.debug_abbrev</name>
         <load_address>0xc2c</load_address>
         <run_address>0xc2c</run_address>
         <size>0xf</size>
      </object_component>
      <object_component id="oc-146">
         <name>.debug_str</name>
         <load_address>0x0</load_address>
         <run_address>0x0</run_address>
         <size>0x15b6</size>
         <input_file_ref idref="fl-2"/>
      </object_component>
      <object_component id="oc-b2">
         <name>.debug_str</name>
         <load_address>0x15b6</load_address>
         <run_address>0x15b6</run_address>
         <size>0x29d</size>
         <input_file_ref idref="fl-2"/>
      </object_component>
      <object_component id="oc-14b">
         <name>.debug_str</name>
         <load_address>0x1853</load_address>
         <run_address>0x1853</run_address>
         <size>0x472</size>
         <input_file_ref idref="fl-2"/>
      </object_component>
      <object_component id="oc-36">
         <name>.debug_str</name>
         <load_address>0x1cc5</load_address>
         <run_address>0x1cc5</run_address>
         <size>0xfd</size>
         <input_file_ref idref="fl-2"/>
      </object_component>
      <object_component id="oc-115">
         <name>.debug_str</name>
         <load_address>0x1dc2</load_address>
         <run_address>0x1dc2</run_address>
         <size>0x333</size>
         <input_file_ref idref="fl-2"/>
      </object_component>
      <object_component id="oc-110">
         <name>.debug_str</name>
         <load_address>0x20f5</load_address>
         <run_address>0x20f5</run_address>
         <size>0x135</size>
         <input_file_ref idref="fl-2"/>
      </object_component>
      <object_component id="oc-150">
         <name>.debug_str</name>
         <load_address>0x222a</load_address>
         <run_address>0x222a</run_address>
         <size>0x104</size>
         <input_file_ref idref="fl-2"/>
      </object_component>
      <object_component id="oc-be">
         <name>.debug_str</name>
         <load_address>0x232e</load_address>
         <run_address>0x232e</run_address>
         <size>0x140</size>
         <input_file_ref idref="fl-bf"/>
      </object_component>
      <object_component id="oc-41">
         <name>.debug_str</name>
         <load_address>0x246e</load_address>
         <run_address>0x246e</run_address>
         <size>0x10b</size>
         <input_file_ref idref="fl-c0"/>
      </object_component>
      <object_component id="oc-7d">
         <name>.debug_str</name>
         <load_address>0x2579</load_address>
         <run_address>0x2579</run_address>
         <size>0x140</size>
         <input_file_ref idref="fl-c0"/>
      </object_component>
      <object_component id="oc-31">
         <name>.debug_str</name>
         <load_address>0x26b9</load_address>
         <run_address>0x26b9</run_address>
         <size>0x118</size>
         <input_file_ref idref="fl-c1"/>
      </object_component>
      <object_component id="oc-b7">
         <name>.debug_str</name>
         <load_address>0x27d1</load_address>
         <run_address>0x27d1</run_address>
         <size>0x16b</size>
         <input_file_ref idref="fl-c1"/>
      </object_component>
      <object_component id="oc-76">
         <name>.debug_str</name>
         <load_address>0x293c</load_address>
         <run_address>0x293c</run_address>
         <size>0x158</size>
         <input_file_ref idref="fl-c1"/>
      </object_component>
      <object_component id="oc-167">
         <name>.debug_str</name>
         <load_address>0x2a94</load_address>
         <run_address>0x2a94</run_address>
         <size>0xed</size>
         <input_file_ref idref="fl-c6"/>
      </object_component>
      <object_component id="oc-17d">
         <name>.debug_str</name>
         <load_address>0x2b81</load_address>
         <run_address>0x2b81</run_address>
         <size>0x157</size>
         <input_file_ref idref="fl-c6"/>
      </object_component>
      <object_component id="oc-16c">
         <name>.debug_str</name>
         <load_address>0x2cd8</load_address>
         <run_address>0x2cd8</run_address>
         <size>0x150</size>
         <input_file_ref idref="fl-c6"/>
      </object_component>
      <object_component id="oc-171">
         <name>.debug_str</name>
         <load_address>0x2e28</load_address>
         <run_address>0x2e28</run_address>
         <size>0x197</size>
         <input_file_ref idref="fl-c6"/>
      </object_component>
      <object_component id="oc-c7">
         <name>.debug_aranges</name>
         <load_address>0x0</load_address>
         <run_address>0x0</run_address>
         <size>0x60</size>
         <input_file_ref idref="fl-2"/>
      </object_component>
      <object_component id="oc-94">
         <name>.debug_aranges</name>
         <load_address>0x60</load_address>
         <run_address>0x60</run_address>
         <size>0x20</size>
         <input_file_ref idref="fl-3"/>
      </object_component>
      <object_component id="oc-6b">
         <name>.debug_aranges</name>
         <load_address>0x80</load_address>
         <run_address>0x80</run_address>
         <size>0x28</size>
         <input_file_ref idref="fl-4"/>
      </object_component>
      <object_component id="oc-a8">
         <name>.debug_aranges</name>
         <load_address>0xa8</load_address>
         <run_address>0xa8</run_address>
         <size>0x28</size>
         <input_file_ref idref="fl-5"/>
      </object_component>
      <object_component id="oc-1e">
         <name>.debug_aranges</name>
         <load_address>0xd0</load_address>
         <run_address>0xd0</run_address>
         <size>0x20</size>
         <input_file_ref idref="fl-c0"/>
      </object_component>
      <object_component id="oc-1a">
         <name>.debug_aranges</name>
         <load_address>0xf0</load_address>
         <run_address>0xf0</run_address>
         <size>0x20</size>
         <input_file_ref idref="fl-c1"/>
      </object_component>
      <object_component id="oc-118">
         <name>.debug_aranges</name>
         <load_address>0x110</load_address>
         <run_address>0x110</run_address>
         <size>0x20</size>
         <input_file_ref idref="fl-c2"/>
      </object_component>
      <object_component id="oc-57">
         <name>.debug_aranges</name>
         <load_address>0x130</load_address>
         <run_address>0x130</run_address>
         <size>0x20</size>
         <input_file_ref idref="fl-c3"/>
      </object_component>
      <object_component id="oc-38">
         <name>.debug_aranges</name>
         <load_address>0x150</load_address>
         <run_address>0x150</run_address>
         <size>0x20</size>
         <input_file_ref idref="fl-c4"/>
      </object_component>
      <object_component id="oc-d8">
         <name>.debug_aranges</name>
         <load_address>0x170</load_address>
         <run_address>0x170</run_address>
         <size>0x20</size>
         <input_file_ref idref="fl-c6"/>
      </object_component>
      <object_component id="oc-8f">
         <name>.debug_aranges</name>
         <load_address>0x190</load_address>
         <run_address>0x190</run_address>
         <size>0x20</size>
         <input_file_ref idref="fl-c7"/>
      </object_component>
      <object_component id="oc-cd">
         <name>.debug_aranges</name>
         <load_address>0x1b0</load_address>
         <run_address>0x1b0</run_address>
         <size>0x20</size>
         <input_file_ref idref="fl-c9"/>
      </object_component>
      <object_component id="oc-c6">
         <name>.debug_pubnames</name>
         <load_address>0x0</load_address>
         <run_address>0x0</run_address>
         <size>0xa0</size>
         <input_file_ref idref="fl-2"/>
      </object_component>
      <object_component id="oc-97">
         <name>.debug_pubnames</name>
         <load_address>0xa0</load_address>
         <run_address>0xa0</run_address>
         <size>0x1b</size>
         <input_file_ref idref="fl-3"/>
      </object_component>
      <object_component id="oc-28">
         <name>.debug_pubnames</name>
         <load_address>0xbb</load_address>
         <run_address>0xbb</run_address>
         <size>0x27</size>
         <input_file_ref idref="fl-4"/>
      </object_component>
      <object_component id="oc-6c">
         <name>.debug_pubnames</name>
         <load_address>0xe2</load_address>
         <run_address>0xe2</run_address>
         <size>0x38</size>
         <input_file_ref idref="fl-4"/>
      </object_component>
      <object_component id="oc-10a">
         <name>.debug_pubnames</name>
         <load_address>0x11a</load_address>
         <run_address>0x11a</run_address>
         <size>0x26</size>
         <input_file_ref idref="fl-5"/>
      </object_component>
      <object_component id="oc-a7">
         <name>.debug_pubnames</name>
         <load_address>0x140</load_address>
         <run_address>0x140</run_address>
         <size>0x3b</size>
         <input_file_ref idref="fl-5"/>
      </object_component>
      <object_component id="oc-20">
         <name>.debug_pubnames</name>
         <load_address>0x17b</load_address>
         <run_address>0x17b</run_address>
         <size>0x2b</size>
         <input_file_ref idref="fl-c0"/>
      </object_component>
      <object_component id="oc-1b">
         <name>.debug_pubnames</name>
         <load_address>0x1a6</load_address>
         <run_address>0x1a6</run_address>
         <size>0x2b</size>
         <input_file_ref idref="fl-c1"/>
      </object_component>
      <object_component id="oc-11a">
         <name>.debug_pubnames</name>
         <load_address>0x1d1</load_address>
         <run_address>0x1d1</run_address>
         <size>0x1d</size>
         <input_file_ref idref="fl-c2"/>
      </object_component>
      <object_component id="oc-2b">
         <name>.debug_pubnames</name>
         <load_address>0x1ee</load_address>
         <run_address>0x1ee</run_address>
         <size>0x1e</size>
         <input_file_ref idref="fl-c3"/>
      </object_component>
      <object_component id="oc-58">
         <name>.debug_pubnames</name>
         <load_address>0x20c</load_address>
         <run_address>0x20c</run_address>
         <size>0x26</size>
         <input_file_ref idref="fl-c3"/>
      </object_component>
      <object_component id="oc-3a">
         <name>.debug_pubnames</name>
         <load_address>0x232</load_address>
         <run_address>0x232</run_address>
         <size>0x1d</size>
         <input_file_ref idref="fl-c4"/>
      </object_component>
      <object_component id="oc-d9">
         <name>.debug_pubnames</name>
         <load_address>0x24f</load_address>
         <run_address>0x24f</run_address>
         <size>0x35</size>
         <input_file_ref idref="fl-c6"/>
      </object_component>
      <object_component id="oc-91">
         <name>.debug_pubnames</name>
         <load_address>0x284</load_address>
         <run_address>0x284</run_address>
         <size>0x27</size>
         <input_file_ref idref="fl-c7"/>
      </object_component>
      <object_component id="oc-cf">
         <name>.debug_pubnames</name>
         <load_address>0x2ab</load_address>
         <run_address>0x2ab</run_address>
         <size>0x1c</size>
         <input_file_ref idref="fl-c9"/>
      </object_component>
      <object_component id="oc-143">
         <name>.debug_pubtypes</name>
         <load_address>0x0</load_address>
         <run_address>0x0</run_address>
         <size>0x2ce</size>
         <input_file_ref idref="fl-2"/>
      </object_component>
      <object_component id="oc-af">
         <name>.debug_pubtypes</name>
         <load_address>0x2ce</load_address>
         <run_address>0x2ce</run_address>
         <size>0x25c</size>
         <input_file_ref idref="fl-2"/>
      </object_component>
      <object_component id="oc-148">
         <name>.debug_pubtypes</name>
         <load_address>0x52a</load_address>
         <run_address>0x52a</run_address>
         <size>0xdd</size>
         <input_file_ref idref="fl-2"/>
      </object_component>
      <object_component id="oc-33">
         <name>.debug_pubtypes</name>
         <load_address>0x607</load_address>
         <run_address>0x607</run_address>
         <size>0xed</size>
         <input_file_ref idref="fl-2"/>
      </object_component>
      <object_component id="oc-112">
         <name>.debug_pubtypes</name>
         <load_address>0x6f4</load_address>
         <run_address>0x6f4</run_address>
         <size>0x330</size>
         <input_file_ref idref="fl-2"/>
      </object_component>
      <object_component id="oc-10d">
         <name>.debug_pubtypes</name>
         <load_address>0xa24</load_address>
         <run_address>0xa24</run_address>
         <size>0xaa</size>
         <input_file_ref idref="fl-2"/>
      </object_component>
      <object_component id="oc-14d">
         <name>.debug_pubtypes</name>
         <load_address>0xace</load_address>
         <run_address>0xace</run_address>
         <size>0x3d</size>
         <input_file_ref idref="fl-2"/>
      </object_component>
      <object_component id="oc-bb">
         <name>.debug_pubtypes</name>
         <load_address>0xb0b</load_address>
         <run_address>0xb0b</run_address>
         <size>0x1d</size>
         <input_file_ref idref="fl-bf"/>
      </object_component>
      <object_component id="oc-3e">
         <name>.debug_pubtypes</name>
         <load_address>0xb28</load_address>
         <run_address>0xb28</run_address>
         <size>0x48</size>
         <input_file_ref idref="fl-c0"/>
      </object_component>
      <object_component id="oc-7a">
         <name>.debug_pubtypes</name>
         <load_address>0xb70</load_address>
         <run_address>0xb70</run_address>
         <size>0x1d</size>
         <input_file_ref idref="fl-c0"/>
      </object_component>
      <object_component id="oc-2e">
         <name>.debug_pubtypes</name>
         <load_address>0xb8d</load_address>
         <run_address>0xb8d</run_address>
         <size>0x5d</size>
         <input_file_ref idref="fl-c1"/>
      </object_component>
      <object_component id="oc-b4">
         <name>.debug_pubtypes</name>
         <load_address>0xbea</load_address>
         <run_address>0xbea</run_address>
         <size>0x48</size>
         <input_file_ref idref="fl-c1"/>
      </object_component>
      <object_component id="oc-73">
         <name>.debug_pubtypes</name>
         <load_address>0xc32</load_address>
         <run_address>0xc32</run_address>
         <size>0x35</size>
         <input_file_ref idref="fl-c1"/>
      </object_component>
      <object_component id="oc-164">
         <name>.debug_pubtypes</name>
         <load_address>0xc67</load_address>
         <run_address>0xc67</run_address>
         <size>0x32</size>
         <input_file_ref idref="fl-c6"/>
      </object_component>
      <object_component id="oc-17a">
         <name>.debug_pubtypes</name>
         <load_address>0xc99</load_address>
         <run_address>0xc99</run_address>
         <size>0x30</size>
         <input_file_ref idref="fl-c6"/>
      </object_component>
      <object_component id="oc-169">
         <name>.debug_pubtypes</name>
         <load_address>0xcc9</load_address>
         <run_address>0xcc9</run_address>
         <size>0x2c</size>
         <input_file_ref idref="fl-c6"/>
      </object_component>
      <object_component id="oc-16e">
         <name>.debug_pubtypes</name>
         <load_address>0xcf5</load_address>
         <run_address>0xcf5</run_address>
         <size>0x50</size>
         <input_file_ref idref="fl-c6"/>
      </object_component>
   </object_component_list>
   <logical_group_list>
      <logical_group id="lg-3" display="no" color="cyan">
         <name>.intvecs</name>
         <load_address>0x0</load_address>
         <run_address>0x0</run_address>
         <size>0xe4</size>
         <contents>
            <object_component_ref idref="oc-26"/>
         </contents>
      </logical_group>
      <logical_group id="lg-4" display="no" color="cyan">
         <name>.text</name>
         <load_address>0xe4</load_address>
         <run_address>0xe4</run_address>
         <size>0x740</size>
         <contents>
            <object_component_ref idref="oc-a5"/>
            <object_component_ref idref="oc-c3"/>
            <object_component_ref idref="oc-93"/>
            <object_component_ref idref="oc-37"/>
            <object_component_ref idref="oc-17"/>
            <object_component_ref idref="oc-d6"/>
            <object_component_ref idref="oc-55"/>
            <object_component_ref idref="oc-117"/>
            <object_component_ref idref="oc-1d"/>
            <object_component_ref idref="oc-67"/>
            <object_component_ref idref="oc-8d"/>
            <object_component_ref idref="oc-ca"/>
         </contents>
      </logical_group>
      <logical_group id="lg-5" display="no" color="cyan">
         <name>.const</name>
         <run_address>0x0</run_address>
         <size>0x0</size>
         <contents>
         </contents>
      </logical_group>
      <logical_group id="lg-6" display="no" color="cyan">
         <name>.cinit</name>
         <load_address>0x828</load_address>
         <run_address>0x828</run_address>
         <size>0x18</size>
         <contents>
            <object_component_ref idref="oc-1b6"/>
            <object_component_ref idref="oc-1b4"/>
            <object_component_ref idref="oc-1b5"/>
         </contents>
      </logical_group>
      <logical_group id="lg-7" display="no" color="cyan">
         <name>.pinit</name>
         <run_address>0x0</run_address>
         <size>0x0</size>
         <contents>
         </contents>
      </logical_group>
      <logical_group id="lg-8" display="no" color="cyan">
         <name>.init_array</name>
         <run_address>0x0</run_address>
         <size>0x0</size>
         <contents>
         </contents>
      </logical_group>
      <logical_group id="lg-9" display="no" color="cyan">
         <name>.binit</name>
         <load_address>0x0</load_address>
         <run_address>0x0</run_address>
         <size>0x0</size>
         <contents>
            <object_component_ref idref="oc-188"/>
         </contents>
      </logical_group>
      <logical_group id="lg-a" display="no" color="cyan">
         <name>.flashMailbox</name>
         <run_address>0x0</run_address>
         <size>0x0</size>
         <contents>
         </contents>
      </logical_group>
      <logical_group id="lg-b" display="no" color="cyan">
         <name>.tlvTable</name>
         <run_address>0x0</run_address>
         <size>0x0</size>
         <contents>
         </contents>
      </logical_group>
      <logical_group id="lg-c" display="no" color="cyan">
         <name>.bslArea</name>
         <run_address>0x0</run_address>
         <size>0x0</size>
         <contents>
         </contents>
      </logical_group>
      <logical_group id="lg-d" display="no" color="cyan">
         <name>.vtable</name>
         <run_address>0x0</run_address>
         <size>0x0</size>
         <contents>
         </contents>
      </logical_group>
      <logical_group id="lg-e" display="no" color="cyan">
         <name>.data</name>
         <run_address>0x20000000</run_address>
         <size>0x4</size>
         <contents>
            <object_component_ref idref="oc-108"/>
         </contents>
      </logical_group>
      <logical_group id="lg-f" display="no" color="cyan">
         <name>.bss</name>
         <run_address>0x0</run_address>
         <size>0x0</size>
         <contents>
         </contents>
      </logical_group>
      <logical_group id="lg-10" display="no" color="cyan">
         <name>.sysmem</name>
         <run_address>0x0</run_address>
         <size>0x0</size>
         <contents>
         </contents>
      </logical_group>
      <logical_group id="lg-11" display="no" color="cyan">
         <name>.stack</name>
         <run_address>0x2000fe00</run_address>
         <size>0x200</size>
         <contents>
            <object_component_ref idref="oc-29"/>
            <object_component_ref idref="oc-1b8"/>
         </contents>
      </logical_group>
      <logical_group id="lg-12" display="no" color="cyan">
         <name>.TI.ramfunc</name>
         <run_address>0x0</run_address>
         <size>0x0</size>
         <contents>
         </contents>
      </logical_group>
      <logical_group id="lg-185" display="no" color="cyan">
         <name>.TI.noinit</name>
         <run_address>0x0</run_address>
         <size>0x0</size>
         <contents>
         </contents>
      </logical_group>
      <logical_group id="lg-186" display="no" color="cyan">
         <name>.TI.persistent</name>
         <run_address>0x0</run_address>
         <size>0x0</size>
         <contents>
         </contents>
      </logical_group>
      <logical_group id="lg-187" display="no" color="cyan">
         <name>__llvm_prf_cnts</name>
         <run_address>0x20000000</run_address>
         <size>0x0</size>
         <contents>
         </contents>
      </logical_group>
      <logical_group id="lg-19c" display="never" color="cyan">
         <name>.debug_info</name>
         <load_address>0x0</load_address>
         <run_address>0x0</run_address>
         <size>0x841b</size>
         <contents>
            <object_component_ref idref="oc-116"/>
            <object_component_ref idref="oc-c5"/>
            <object_component_ref idref="oc-142"/>
            <object_component_ref idref="oc-ae"/>
            <object_component_ref idref="oc-147"/>
            <object_component_ref idref="oc-32"/>
            <object_component_ref idref="oc-111"/>
            <object_component_ref idref="oc-10c"/>
            <object_component_ref idref="oc-14c"/>
            <object_component_ref idref="oc-96"/>
            <object_component_ref idref="oc-6f"/>
            <object_component_ref idref="oc-27"/>
            <object_component_ref idref="oc-6a"/>
            <object_component_ref idref="oc-109"/>
            <object_component_ref idref="oc-a6"/>
            <object_component_ref idref="oc-ba"/>
            <object_component_ref idref="oc-42"/>
            <object_component_ref idref="oc-1f"/>
            <object_component_ref idref="oc-3d"/>
            <object_component_ref idref="oc-79"/>
            <object_component_ref idref="oc-77"/>
            <object_component_ref idref="oc-19"/>
            <object_component_ref idref="oc-2d"/>
            <object_component_ref idref="oc-b3"/>
            <object_component_ref idref="oc-72"/>
            <object_component_ref idref="oc-152"/>
            <object_component_ref idref="oc-119"/>
            <object_component_ref idref="oc-2a"/>
            <object_component_ref idref="oc-56"/>
            <object_component_ref idref="oc-39"/>
            <object_component_ref idref="oc-129"/>
            <object_component_ref idref="oc-d7"/>
            <object_component_ref idref="oc-163"/>
            <object_component_ref idref="oc-179"/>
            <object_component_ref idref="oc-168"/>
            <object_component_ref idref="oc-16d"/>
            <object_component_ref idref="oc-90"/>
            <object_component_ref idref="oc-ce"/>
            <object_component_ref idref="oc-1b9"/>
         </contents>
      </logical_group>
      <logical_group id="lg-19e" display="never" color="cyan">
         <name>.debug_line</name>
         <load_address>0x0</load_address>
         <run_address>0x0</run_address>
         <size>0x1053</size>
         <contents>
            <object_component_ref idref="oc-141"/>
            <object_component_ref idref="oc-c4"/>
            <object_component_ref idref="oc-145"/>
            <object_component_ref idref="oc-b1"/>
            <object_component_ref idref="oc-14a"/>
            <object_component_ref idref="oc-35"/>
            <object_component_ref idref="oc-114"/>
            <object_component_ref idref="oc-10f"/>
            <object_component_ref idref="oc-14f"/>
            <object_component_ref idref="oc-95"/>
            <object_component_ref idref="oc-ad"/>
            <object_component_ref idref="oc-6e"/>
            <object_component_ref idref="oc-68"/>
            <object_component_ref idref="oc-13f"/>
            <object_component_ref idref="oc-aa"/>
            <object_component_ref idref="oc-bd"/>
            <object_component_ref idref="oc-7f"/>
            <object_component_ref idref="oc-21"/>
            <object_component_ref idref="oc-40"/>
            <object_component_ref idref="oc-7c"/>
            <object_component_ref idref="oc-b9"/>
            <object_component_ref idref="oc-18"/>
            <object_component_ref idref="oc-30"/>
            <object_component_ref idref="oc-b6"/>
            <object_component_ref idref="oc-75"/>
            <object_component_ref idref="oc-175"/>
            <object_component_ref idref="oc-11b"/>
            <object_component_ref idref="oc-71"/>
            <object_component_ref idref="oc-59"/>
            <object_component_ref idref="oc-3b"/>
            <object_component_ref idref="oc-162"/>
            <object_component_ref idref="oc-db"/>
            <object_component_ref idref="oc-166"/>
            <object_component_ref idref="oc-17c"/>
            <object_component_ref idref="oc-16b"/>
            <object_component_ref idref="oc-170"/>
            <object_component_ref idref="oc-92"/>
            <object_component_ref idref="oc-cc"/>
         </contents>
      </logical_group>
      <logical_group id="lg-1a0" display="never" color="cyan">
         <name>.debug_frame</name>
         <load_address>0x0</load_address>
         <run_address>0x0</run_address>
         <size>0x4ac</size>
         <contents>
            <object_component_ref idref="oc-c8"/>
            <object_component_ref idref="oc-98"/>
            <object_component_ref idref="oc-69"/>
            <object_component_ref idref="oc-a9"/>
            <object_component_ref idref="oc-22"/>
            <object_component_ref idref="oc-1c"/>
            <object_component_ref idref="oc-11c"/>
            <object_component_ref idref="oc-5a"/>
            <object_component_ref idref="oc-da"/>
            <object_component_ref idref="oc-8e"/>
            <object_component_ref idref="oc-cb"/>
         </contents>
      </logical_group>
      <logical_group id="lg-1a2" display="never" color="cyan">
         <name>.debug_abbrev</name>
         <load_address>0x0</load_address>
         <run_address>0x0</run_address>
         <size>0xc3b</size>
         <contents>
            <object_component_ref idref="oc-140"/>
            <object_component_ref idref="oc-11d"/>
            <object_component_ref idref="oc-144"/>
            <object_component_ref idref="oc-b0"/>
            <object_component_ref idref="oc-149"/>
            <object_component_ref idref="oc-34"/>
            <object_component_ref idref="oc-113"/>
            <object_component_ref idref="oc-10e"/>
            <object_component_ref idref="oc-14e"/>
            <object_component_ref idref="oc-c9"/>
            <object_component_ref idref="oc-ac"/>
            <object_component_ref idref="oc-6d"/>
            <object_component_ref idref="oc-ab"/>
            <object_component_ref idref="oc-13e"/>
            <object_component_ref idref="oc-10b"/>
            <object_component_ref idref="oc-bc"/>
            <object_component_ref idref="oc-7e"/>
            <object_component_ref idref="oc-3c"/>
            <object_component_ref idref="oc-3f"/>
            <object_component_ref idref="oc-7b"/>
            <object_component_ref idref="oc-b8"/>
            <object_component_ref idref="oc-2c"/>
            <object_component_ref idref="oc-2f"/>
            <object_component_ref idref="oc-b5"/>
            <object_component_ref idref="oc-74"/>
            <object_component_ref idref="oc-174"/>
            <object_component_ref idref="oc-151"/>
            <object_component_ref idref="oc-70"/>
            <object_component_ref idref="oc-9c"/>
            <object_component_ref idref="oc-78"/>
            <object_component_ref idref="oc-161"/>
            <object_component_ref idref="oc-128"/>
            <object_component_ref idref="oc-165"/>
            <object_component_ref idref="oc-17b"/>
            <object_component_ref idref="oc-16a"/>
            <object_component_ref idref="oc-16f"/>
            <object_component_ref idref="oc-c2"/>
            <object_component_ref idref="oc-11e"/>
            <object_component_ref idref="oc-1ba"/>
         </contents>
      </logical_group>
      <logical_group id="lg-1a4" display="never" color="cyan">
         <name>.debug_str</name>
         <load_address>0x0</load_address>
         <run_address>0x0</run_address>
         <size>0x2fbf</size>
         <contents>
            <object_component_ref idref="oc-146"/>
            <object_component_ref idref="oc-b2"/>
            <object_component_ref idref="oc-14b"/>
            <object_component_ref idref="oc-36"/>
            <object_component_ref idref="oc-115"/>
            <object_component_ref idref="oc-110"/>
            <object_component_ref idref="oc-150"/>
            <object_component_ref idref="oc-be"/>
            <object_component_ref idref="oc-41"/>
            <object_component_ref idref="oc-7d"/>
            <object_component_ref idref="oc-31"/>
            <object_component_ref idref="oc-b7"/>
            <object_component_ref idref="oc-76"/>
            <object_component_ref idref="oc-167"/>
            <object_component_ref idref="oc-17d"/>
            <object_component_ref idref="oc-16c"/>
            <object_component_ref idref="oc-171"/>
         </contents>
      </logical_group>
      <logical_group id="lg-1a6" display="never" color="cyan">
         <name>.debug_aranges</name>
         <load_address>0x0</load_address>
         <run_address>0x0</run_address>
         <size>0x1d0</size>
         <contents>
            <object_component_ref idref="oc-c7"/>
            <object_component_ref idref="oc-94"/>
            <object_component_ref idref="oc-6b"/>
            <object_component_ref idref="oc-a8"/>
            <object_component_ref idref="oc-1e"/>
            <object_component_ref idref="oc-1a"/>
            <object_component_ref idref="oc-118"/>
            <object_component_ref idref="oc-57"/>
            <object_component_ref idref="oc-38"/>
            <object_component_ref idref="oc-d8"/>
            <object_component_ref idref="oc-8f"/>
            <object_component_ref idref="oc-cd"/>
         </contents>
      </logical_group>
      <logical_group id="lg-1a8" display="never" color="cyan">
         <name>.debug_pubnames</name>
         <load_address>0x0</load_address>
         <run_address>0x0</run_address>
         <size>0x2c7</size>
         <contents>
            <object_component_ref idref="oc-c6"/>
            <object_component_ref idref="oc-97"/>
            <object_component_ref idref="oc-28"/>
            <object_component_ref idref="oc-6c"/>
            <object_component_ref idref="oc-10a"/>
            <object_component_ref idref="oc-a7"/>
            <object_component_ref idref="oc-20"/>
            <object_component_ref idref="oc-1b"/>
            <object_component_ref idref="oc-11a"/>
            <object_component_ref idref="oc-2b"/>
            <object_component_ref idref="oc-58"/>
            <object_component_ref idref="oc-3a"/>
            <object_component_ref idref="oc-d9"/>
            <object_component_ref idref="oc-91"/>
            <object_component_ref idref="oc-cf"/>
         </contents>
      </logical_group>
      <logical_group id="lg-1aa" display="never" color="cyan">
         <name>.debug_pubtypes</name>
         <load_address>0x0</load_address>
         <run_address>0x0</run_address>
         <size>0xd45</size>
         <contents>
            <object_component_ref idref="oc-143"/>
            <object_component_ref idref="oc-af"/>
            <object_component_ref idref="oc-148"/>
            <object_component_ref idref="oc-33"/>
            <object_component_ref idref="oc-112"/>
            <object_component_ref idref="oc-10d"/>
            <object_component_ref idref="oc-14d"/>
            <object_component_ref idref="oc-bb"/>
            <object_component_ref idref="oc-3e"/>
            <object_component_ref idref="oc-7a"/>
            <object_component_ref idref="oc-2e"/>
            <object_component_ref idref="oc-b4"/>
            <object_component_ref idref="oc-73"/>
            <object_component_ref idref="oc-164"/>
            <object_component_ref idref="oc-17a"/>
            <object_component_ref idref="oc-169"/>
            <object_component_ref idref="oc-16e"/>
         </contents>
      </logical_group>
      <logical_group id="lg-1b7" display="no" color="cyan">
         <name>Veneer$$CMSE</name>
         <run_address>0x0</run_address>
         <size>0x0</size>
         <contents>
         </contents>
      </logical_group>
      <load_segment id="lg-1bb" display="no" color="cyan">
         <name>SEGMENT_0</name>
         <load_address>0x0</load_address>
         <run_address>0x0</run_address>
         <size>0x840</size>
         <flags>0x5</flags>
         <contents>
            <logical_group_ref idref="lg-3"/>
            <logical_group_ref idref="lg-4"/>
            <logical_group_ref idref="lg-6"/>
         </contents>
      </load_segment>
      <load_segment id="lg-1bc" display="no" color="cyan">
         <name>SEGMENT_1</name>
         <run_address>0x20000000</run_address>
         <size>0x4</size>
         <flags>0x6</flags>
         <contents>
            <logical_group_ref idref="lg-e"/>
         </contents>
      </load_segment>
      <load_segment id="lg-1bd" display="no" color="cyan">
         <name>SEGMENT_2</name>
         <run_address>0x2000fe00</run_address>
         <size>0x200</size>
         <flags>0x6</flags>
         <contents>
            <logical_group_ref idref="lg-11"/>
         </contents>
      </load_segment>
   </logical_group_list>
   <placement_map>
      <memory_area display="yes" color="green">
         <name>MAIN</name>
         <page_id>0x0</page_id>
         <origin>0x0</origin>
         <length>0x40000</length>
         <used_space>0x83c</used_space>
         <unused_space>0x3f7c4</unused_space>
         <attributes>RX</attributes>
         <usage_details>
            <allocated_space>
               <start_address>0x0</start_address>
               <size>0x0</size>
               <logical_group_ref idref="lg-9"/>
            </allocated_space>
            <allocated_space>
               <start_address>0x0</start_address>
               <size>0xe4</size>
               <logical_group_ref idref="lg-3"/>
            </allocated_space>
            <allocated_space>
               <start_address>0xe4</start_address>
               <size>0x740</size>
               <logical_group_ref idref="lg-4"/>
            </allocated_space>
            <available_space>
               <start_address>0x824</start_address>
               <size>0x4</size>
            </available_space>
            <allocated_space>
               <start_address>0x828</start_address>
               <size>0x18</size>
               <logical_group_ref idref="lg-6"/>
            </allocated_space>
            <available_space>
               <start_address>0x840</start_address>
               <size>0x3f7c0</size>
            </available_space>
         </usage_details>
      </memory_area>
      <memory_area display="yes" color="green">
         <name>INFO</name>
         <page_id>0x0</page_id>
         <origin>0x200000</origin>
         <length>0x4000</length>
         <used_space>0x0</used_space>
         <unused_space>0x4000</unused_space>
         <attributes>RX</attributes>
         <usage_details>
         </usage_details>
      </memory_area>
      <memory_area display="yes" color="green">
         <name>SRAM_CODE</name>
         <page_id>0x0</page_id>
         <origin>0x1000000</origin>
         <length>0x10000</length>
         <used_space>0x204</used_space>
         <unused_space>0xfdfc</unused_space>
         <attributes>RWX</attributes>
         <usage_details>
            <allocated_space>
               <start_address>0x1000000</start_address>
               <size>0x0</size>
               <logical_group_ref idref="lg-187"/>
            </allocated_space>
            <allocated_space>
               <start_address>0x1000000</start_address>
               <size>0x4</size>
               <logical_group_ref idref="lg-e"/>
            </allocated_space>
            <available_space>
               <start_address>0x1000004</start_address>
               <size>0xfdfc</size>
            </available_space>
            <allocated_space>
               <start_address>0x100fe00</start_address>
               <size>0x200</size>
               <logical_group_ref idref="lg-11"/>
            </allocated_space>
         </usage_details>
      </memory_area>
      <memory_area display="yes" color="green">
         <name>SRAM_DATA</name>
         <page_id>0x0</page_id>
         <origin>0x20000000</origin>
         <length>0x10000</length>
         <used_space>0x204</used_space>
         <unused_space>0xfdfc</unused_space>
         <attributes>RW</attributes>
         <usage_details>
            <allocated_space>
               <start_address>0x20000000</start_address>
               <size>0x0</size>
               <logical_group_ref idref="lg-187"/>
            </allocated_space>
            <allocated_space>
               <start_address>0x20000000</start_address>
               <size>0x4</size>
               <logical_group_ref idref="lg-e"/>
            </allocated_space>
            <available_space>
               <start_address>0x20000004</start_address>
               <size>0xfdfc</size>
            </available_space>
            <allocated_space>
               <start_address>0x2000fe00</start_address>
               <size>0x200</size>
               <logical_group_ref idref="lg-11"/>
            </allocated_space>
         </usage_details>
      </memory_area>
   </placement_map>
   <cptbl_list>
      <cptbl>
         <name>__TI_cinit_table</name>
         <cprec>
            <name>.data</name>
            <load_address>0x828</load_address>
            <load_size>0x8</load_size>
            <run_address>0x20000000</run_address>
            <run_size>0x4</run_size>
            <compression>lzss</compression>
         </cprec>
      </cptbl>
   </cptbl_list>
   <handler_table>
      <handler_table_name>__TI_handler_table</handler_table_name>
      <handler>
         <index>0x0</index>
         <name>__TI_decompress_lzss</name>
      </handler>
      <handler>
         <index>0x1</index>
         <name>__TI_decompress_none</name>
      </handler>
   </handler_table>
   <symbol_table>
      <symbol id="sm-1">
         <name>WDTCTL_SYM</name>
         <value>0x4000480c</value>
      </symbol>
      <symbol id="sm-2">
         <name>__start___llvm_prf_cnts</name>
         <value>0x20000000</value>
      </symbol>
      <symbol id="sm-3">
         <name>__stop___llvm_prf_cnts</name>
         <value>0x20000000</value>
      </symbol>
      <symbol id="sm-4">
         <name>__TI_CINIT_Base</name>
         <value>0x838</value>
      </symbol>
      <symbol id="sm-5">
         <name>__TI_CINIT_Limit</name>
         <value>0x840</value>
      </symbol>
      <symbol id="sm-6">
         <name>__TI_Handler_Table_Base</name>
         <value>0x830</value>
      </symbol>
      <symbol id="sm-7">
         <name>__TI_Handler_Table_Limit</name>
         <value>0x838</value>
      </symbol>
      <symbol id="sm-8">
         <name>binit</name>
         <value>0xffffffff</value>
      </symbol>
      <symbol id="sm-9">
         <name>__binit__</name>
         <value>0xffffffff</value>
      </symbol>
      <symbol id="sm-a">
         <name>__STACK_SIZE</name>
         <value>0x200</value>
      </symbol>
      <symbol id="sm-b">
         <name>__STACK_END</name>
         <value>0x20010000</value>
      </symbol>
      <symbol id="sm-c">
         <name>__c_args__</name>
         <value>0xffffffff</value>
      </symbol>
      <symbol id="sm-d">
         <name>__TI_pprof_out_hndl</name>
         <value>0xffffffff</value>
      </symbol>
      <symbol id="sm-e">
         <name>__TI_prof_data_start</name>
         <value>0xffffffff</value>
      </symbol>
      <symbol id="sm-f">
         <name>__TI_prof_data_size</name>
         <value>0xffffffff</value>
      </symbol>
      <symbol id="sm-6f">
         <name>delay_us</name>
         <value>0x567</value>
         <object_component_ref idref="oc-c3"/>
      </symbol>
      <symbol id="sm-70">
         <name>Home_LCD</name>
         <value>0x5b5</value>
         <object_component_ref idref="oc-c3"/>
      </symbol>
      <symbol id="sm-71">
         <name>Write_string_LCD</name>
         <value>0x419</value>
         <object_component_ref idref="oc-c3"/>
      </symbol>
      <symbol id="sm-72">
         <name>LCD_init</name>
         <value>0x445</value>
         <object_component_ref idref="oc-c3"/>
      </symbol>
      <symbol id="sm-73">
         <name>Write_char_LCD</name>
         <value>0x53d</value>
         <object_component_ref idref="oc-c3"/>
      </symbol>
      <symbol id="sm-74">
         <name>clear_LCD</name>
         <value>0x5ab</value>
         <object_component_ref idref="oc-c3"/>
      </symbol>
      <symbol id="sm-75">
         <name>LCD_4bit_write</name>
         <value>0x4a9</value>
         <object_component_ref idref="oc-c3"/>
      </symbol>
      <symbol id="sm-76">
         <name>LCD_command</name>
         <value>0x501</value>
         <object_component_ref idref="oc-c3"/>
      </symbol>
      <symbol id="sm-77">
         <name>LCD_Line2</name>
         <value>0x5a1</value>
         <object_component_ref idref="oc-c3"/>
      </symbol>
      <symbol id="sm-89">
         <name>main</name>
         <value>0x5d5</value>
         <object_component_ref idref="oc-93"/>
      </symbol>
      <symbol id="sm-9e">
         <name>Reset_Handler</name>
         <value>0x80f</value>
         <object_component_ref idref="oc-67"/>
      </symbol>
      <symbol id="sm-9f">
         <name>Default_Handler</name>
         <value>0x81b</value>
         <object_component_ref idref="oc-67"/>
      </symbol>
      <symbol id="sm-a0">
         <name>interruptVectors</name>
         <value>0x0</value>
         <object_component_ref idref="oc-26"/>
      </symbol>
      <symbol id="sm-e8">
         <name>SystemInit</name>
         <value>0x35d</value>
         <object_component_ref idref="oc-a5"/>
      </symbol>
      <symbol id="sm-e9">
         <name>SystemCoreClockUpdate</name>
         <value>0xe5</value>
         <object_component_ref idref="oc-a5"/>
      </symbol>
      <symbol id="sm-ea">
         <name>SystemCoreClock</name>
         <value>0x20000000</value>
         <object_component_ref idref="oc-108"/>
      </symbol>
      <symbol id="sm-107">
         <name>__TI_decompress_none</name>
         <value>0x801</value>
         <object_component_ref idref="oc-1d"/>
      </symbol>
      <symbol id="sm-12a">
         <name>__TI_decompress_lzss</name>
         <value>0x70d</value>
         <object_component_ref idref="oc-17"/>
      </symbol>
      <symbol id="sm-138">
         <name>strlen</name>
         <value>0x7ed</value>
         <object_component_ref idref="oc-117"/>
      </symbol>
      <symbol id="sm-14b">
         <name>__stack</name>
         <value>0x2000fe00</value>
         <object_component_ref idref="oc-29"/>
      </symbol>
      <symbol id="sm-14c">
         <name>_c_int00_noargs</name>
         <value>0x7b9</value>
         <object_component_ref idref="oc-55"/>
      </symbol>
      <symbol id="sm-167">
         <name>memcpy</name>
         <value>0x671</value>
         <object_component_ref idref="oc-37"/>
      </symbol>
      <symbol id="sm-168">
         <name>__aeabi_memcpy</name>
         <value>0x671</value>
         <object_component_ref idref="oc-37"/>
      </symbol>
      <symbol id="sm-169">
         <name>__aeabi_memcpy8</name>
         <value>0x671</value>
         <object_component_ref idref="oc-37"/>
      </symbol>
      <symbol id="sm-16a">
         <name>__aeabi_memcpy4</name>
         <value>0x671</value>
         <object_component_ref idref="oc-37"/>
      </symbol>
      <symbol id="sm-193">
         <name>__TI_auto_init_nobinit_nopinit</name>
         <value>0x775</value>
         <object_component_ref idref="oc-d6"/>
      </symbol>
      <symbol id="sm-19d">
         <name>_system_pre_init</name>
         <value>0x81d</value>
         <object_component_ref idref="oc-8d"/>
      </symbol>
      <symbol id="sm-1a9">
         <name>C$$EXIT</name>
         <value>0x821</value>
         <object_component_ref idref="oc-ca"/>
      </symbol>
      <symbol id="sm-1aa">
         <name>abort</name>
         <value>0x821</value>
         <object_component_ref idref="oc-ca"/>
      </symbol>
      <symbol id="sm-1ad">
         <name>__TI_static_base__</name>
         <value>0x0</value>
      </symbol>
      <symbol id="sm-1b0">
         <name>__mpu_init</name>
         <value>0x0</value>
      </symbol>
      <symbol id="sm-1b1">
         <name>_system_post_cinit</name>
         <value>0x0</value>
      </symbol>
      <symbol id="sm-1b2">
         <name>NMI_Handler</name>
         <value>0x81b</value>
      </symbol>
      <symbol id="sm-1b3">
         <name>HardFault_Handler</name>
         <value>0x81b</value>
      </symbol>
      <symbol id="sm-1b4">
         <name>MemManage_Handler</name>
         <value>0x81b</value>
      </symbol>
      <symbol id="sm-1b5">
         <name>BusFault_Handler</name>
         <value>0x81b</value>
      </symbol>
      <symbol id="sm-1b6">
         <name>UsageFault_Handler</name>
         <value>0x81b</value>
      </symbol>
      <symbol id="sm-1b7">
         <name>SVC_Handler</name>
         <value>0x81b</value>
      </symbol>
      <symbol id="sm-1b8">
         <name>DebugMon_Handler</name>
         <value>0x81b</value>
      </symbol>
      <symbol id="sm-1b9">
         <name>PendSV_Handler</name>
         <value>0x81b</value>
      </symbol>
      <symbol id="sm-1ba">
         <name>SysTick_Handler</name>
         <value>0x81b</value>
      </symbol>
      <symbol id="sm-1bb">
         <name>PSS_IRQHandler</name>
         <value>0x81b</value>
      </symbol>
      <symbol id="sm-1bc">
         <name>CS_IRQHandler</name>
         <value>0x81b</value>
      </symbol>
      <symbol id="sm-1bd">
         <name>PCM_IRQHandler</name>
         <value>0x81b</value>
      </symbol>
      <symbol id="sm-1be">
         <name>WDT_A_IRQHandler</name>
         <value>0x81b</value>
      </symbol>
      <symbol id="sm-1bf">
         <name>FPU_IRQHandler</name>
         <value>0x81b</value>
      </symbol>
      <symbol id="sm-1c0">
         <name>FLCTL_IRQHandler</name>
         <value>0x81b</value>
      </symbol>
      <symbol id="sm-1c1">
         <name>COMP_E0_IRQHandler</name>
         <value>0x81b</value>
      </symbol>
      <symbol id="sm-1c2">
         <name>COMP_E1_IRQHandler</name>
         <value>0x81b</value>
      </symbol>
      <symbol id="sm-1c3">
         <name>TA0_0_IRQHandler</name>
         <value>0x81b</value>
      </symbol>
      <symbol id="sm-1c4">
         <name>TA0_N_IRQHandler</name>
         <value>0x81b</value>
      </symbol>
      <symbol id="sm-1c5">
         <name>TA1_0_IRQHandler</name>
         <value>0x81b</value>
      </symbol>
      <symbol id="sm-1c6">
         <name>TA1_N_IRQHandler</name>
         <value>0x81b</value>
      </symbol>
      <symbol id="sm-1c7">
         <name>TA2_0_IRQHandler</name>
         <value>0x81b</value>
      </symbol>
      <symbol id="sm-1c8">
         <name>TA2_N_IRQHandler</name>
         <value>0x81b</value>
      </symbol>
      <symbol id="sm-1c9">
         <name>TA3_0_IRQHandler</name>
         <value>0x81b</value>
      </symbol>
      <symbol id="sm-1ca">
         <name>TA3_N_IRQHandler</name>
         <value>0x81b</value>
      </symbol>
      <symbol id="sm-1cb">
         <name>EUSCIA0_IRQHandler</name>
         <value>0x81b</value>
      </symbol>
      <symbol id="sm-1cc">
         <name>EUSCIA1_IRQHandler</name>
         <value>0x81b</value>
      </symbol>
      <symbol id="sm-1cd">
         <name>EUSCIA2_IRQHandler</name>
         <value>0x81b</value>
      </symbol>
      <symbol id="sm-1ce">
         <name>EUSCIA3_IRQHandler</name>
         <value>0x81b</value>
      </symbol>
      <symbol id="sm-1cf">
         <name>EUSCIB0_IRQHandler</name>
         <value>0x81b</value>
      </symbol>
      <symbol id="sm-1d0">
         <name>EUSCIB1_IRQHandler</name>
         <value>0x81b</value>
      </symbol>
      <symbol id="sm-1d1">
         <name>EUSCIB2_IRQHandler</name>
         <value>0x81b</value>
      </symbol>
      <symbol id="sm-1d2">
         <name>EUSCIB3_IRQHandler</name>
         <value>0x81b</value>
      </symbol>
      <symbol id="sm-1d3">
         <name>ADC14_IRQHandler</name>
         <value>0x81b</value>
      </symbol>
      <symbol id="sm-1d4">
         <name>T32_INT1_IRQHandler</name>
         <value>0x81b</value>
      </symbol>
      <symbol id="sm-1d5">
         <name>T32_INT2_IRQHandler</name>
         <value>0x81b</value>
      </symbol>
      <symbol id="sm-1d6">
         <name>T32_INTC_IRQHandler</name>
         <value>0x81b</value>
      </symbol>
      <symbol id="sm-1d7">
         <name>AES256_IRQHandler</name>
         <value>0x81b</value>
      </symbol>
      <symbol id="sm-1d8">
         <name>RTC_C_IRQHandler</name>
         <value>0x81b</value>
      </symbol>
      <symbol id="sm-1d9">
         <name>DMA_ERR_IRQHandler</name>
         <value>0x81b</value>
      </symbol>
      <symbol id="sm-1da">
         <name>DMA_INT3_IRQHandler</name>
         <value>0x81b</value>
      </symbol>
      <symbol id="sm-1db">
         <name>DMA_INT2_IRQHandler</name>
         <value>0x81b</value>
      </symbol>
      <symbol id="sm-1dc">
         <name>DMA_INT1_IRQHandler</name>
         <value>0x81b</value>
      </symbol>
      <symbol id="sm-1dd">
         <name>DMA_INT0_IRQHandler</name>
         <value>0x81b</value>
      </symbol>
      <symbol id="sm-1de">
         <name>PORT1_IRQHandler</name>
         <value>0x81b</value>
      </symbol>
      <symbol id="sm-1df">
         <name>PORT2_IRQHandler</name>
         <value>0x81b</value>
      </symbol>
      <symbol id="sm-1e0">
         <name>PORT3_IRQHandler</name>
         <value>0x81b</value>
      </symbol>
      <symbol id="sm-1e1">
         <name>PORT4_IRQHandler</name>
         <value>0x81b</value>
      </symbol>
      <symbol id="sm-1e2">
         <name>PORT5_IRQHandler</name>
         <value>0x81b</value>
      </symbol>
      <symbol id="sm-1e3">
         <name>PORT6_IRQHandler</name>
         <value>0x81b</value>
      </symbol>
   </symbol_table>
   <title>Link successful</title>
</link_info>
