<?xml version="1.0" encoding="ISO-8859-1" ?>
<link_info>
   <banner>TI ARM Linker PC v20.2.0.LTS</banner>
   <copyright>Copyright (c) 1996-2018 Texas Instruments Incorporated</copyright>
   <link_time>0x5ecf3a17</link_time>
   <link_errors>0x0</link_errors>
   <output_file>A6.out</output_file>
   <entry_point>
      <name>_c_int00_noargs</name>
      <address>0x6c9</address>
   </entry_point>
   <input_file_list>
      <input_file id="fl-2">
         <path>.\</path>
         <kind>object</kind>
         <file>A6.obj</file>
         <name>A6.obj</name>
      </input_file>
      <input_file id="fl-3">
         <path>.\</path>
         <kind>object</kind>
         <file>DAC.obj</file>
         <name>DAC.obj</name>
      </input_file>
      <input_file id="fl-4">
         <path>.\</path>
         <kind>object</kind>
         <file>main.obj</file>
         <name>main.obj</name>
      </input_file>
      <input_file id="fl-5">
         <path>.\</path>
         <kind>object</kind>
         <file>startup_msp432p401r_ccs.obj</file>
         <name>startup_msp432p401r_ccs.obj</name>
      </input_file>
      <input_file id="fl-6">
         <path>.\</path>
         <kind>object</kind>
         <file>system_msp432p401r.obj</file>
         <name>system_msp432p401r.obj</name>
      </input_file>
      <input_file id="fl-a">
         <kind>object</kind>
         <file>&lt;internal&gt;</file>
         <name>&lt;internal&gt;</name>
      </input_file>
      <input_file id="fl-c0">
         <path>C:\ti\ccs\ccs\tools\compiler\ti-cgt-arm_20.2.0.LTS\lib\</path>
         <kind>archive</kind>
         <file>rtsv7M4_T_le_v4SPD16_eabi.lib</file>
         <name>copy_zero_init.c.obj</name>
      </input_file>
      <input_file id="fl-c1">
         <path>C:\ti\ccs\ccs\tools\compiler\ti-cgt-arm_20.2.0.LTS\lib\</path>
         <kind>archive</kind>
         <file>rtsv7M4_T_le_v4SPD16_eabi.lib</file>
         <name>copy_decompress_none.c.obj</name>
      </input_file>
      <input_file id="fl-c2">
         <path>C:\ti\ccs\ccs\tools\compiler\ti-cgt-arm_20.2.0.LTS\lib\</path>
         <kind>archive</kind>
         <file>rtsv7M4_T_le_v4SPD16_eabi.lib</file>
         <name>copy_decompress_lzss.c.obj</name>
      </input_file>
      <input_file id="fl-c3">
         <path>C:\ti\ccs\ccs\tools\compiler\ti-cgt-arm_20.2.0.LTS\lib\</path>
         <kind>archive</kind>
         <file>rtsv7M4_T_le_v4SPD16_eabi.lib</file>
         <name>boot_cortex_m.c.obj</name>
      </input_file>
      <input_file id="fl-c4">
         <path>C:\ti\ccs\ccs\tools\compiler\ti-cgt-arm_20.2.0.LTS\lib\</path>
         <kind>archive</kind>
         <file>rtsv7M4_T_le_v4SPD16_eabi.lib</file>
         <name>memcpy_t2.asm.obj</name>
      </input_file>
      <input_file id="fl-c5">
         <path>C:\ti\ccs\ccs\tools\compiler\ti-cgt-arm_20.2.0.LTS\lib\</path>
         <kind>archive</kind>
         <file>rtsv7M4_T_le_v4SPD16_eabi.lib</file>
         <name>memset_t2.asm.obj</name>
      </input_file>
      <input_file id="fl-c6">
         <path>C:\ti\ccs\ccs\tools\compiler\ti-cgt-arm_20.2.0.LTS\lib\</path>
         <kind>archive</kind>
         <file>rtsv7M4_T_le_v4SPD16_eabi.lib</file>
         <name>autoinit.c.obj</name>
      </input_file>
      <input_file id="fl-c7">
         <path>C:\ti\ccs\ccs\tools\compiler\ti-cgt-arm_20.2.0.LTS\lib\</path>
         <kind>archive</kind>
         <file>rtsv7M4_T_le_v4SPD16_eabi.lib</file>
         <name>pre_init.c.obj</name>
      </input_file>
      <input_file id="fl-c8">
         <path>C:\ti\ccs\ccs\tools\compiler\ti-cgt-arm_20.2.0.LTS\lib\</path>
         <kind>archive</kind>
         <file>rtsv7M4_T_le_v4SPD16_eabi.lib</file>
         <name>cpy_tbl.c.obj</name>
      </input_file>
      <input_file id="fl-c9">
         <path>C:\ti\ccs\ccs\tools\compiler\ti-cgt-arm_20.2.0.LTS\lib\</path>
         <kind>archive</kind>
         <file>rtsv7M4_T_le_v4SPD16_eabi.lib</file>
         <name>exit.c.obj</name>
      </input_file>
      <input_file id="fl-ca">
         <path>C:\ti\ccs\ccs\tools\compiler\ti-cgt-arm_20.2.0.LTS\lib\</path>
         <kind>archive</kind>
         <file>rtsv7M4_T_le_v4SPD16_eabi.lib</file>
         <name>_lock.c.obj</name>
      </input_file>
      <input_file id="fl-cb">
         <path>C:\ti\ccs\ccs\tools\compiler\ti-cgt-arm_20.2.0.LTS\lib\</path>
         <kind>archive</kind>
         <file>rtsv7M4_T_le_v4SPD16_eabi.lib</file>
         <name>args_main.c.obj</name>
      </input_file>
   </input_file_list>
   <object_component_list>
      <object_component id="oc-26">
         <name>.intvecs:retain</name>
         <load_address>0x0</load_address>
         <run_address>0x0</run_address>
         <size>0xe4</size>
         <input_file_ref idref="fl-5"/>
      </object_component>
      <object_component id="oc-a5">
         <name>.text</name>
         <load_address>0xe4</load_address>
         <run_address>0xe4</run_address>
         <size>0x334</size>
         <input_file_ref idref="fl-6"/>
      </object_component>
      <object_component id="oc-ac">
         <name>.text</name>
         <load_address>0x418</load_address>
         <run_address>0x418</run_address>
         <size>0xc4</size>
         <input_file_ref idref="fl-3"/>
      </object_component>
      <object_component id="oc-6d">
         <name>.text</name>
         <load_address>0x4dc</load_address>
         <run_address>0x4dc</run_address>
         <size>0xa4</size>
         <input_file_ref idref="fl-4"/>
      </object_component>
      <object_component id="oc-37">
         <name>.text</name>
         <load_address>0x580</load_address>
         <run_address>0x580</run_address>
         <size>0x9c</size>
         <input_file_ref idref="fl-c4"/>
      </object_component>
      <object_component id="oc-17">
         <name>.text:decompress:lzss:__TI_decompress_lzss</name>
         <load_address>0x61c</load_address>
         <run_address>0x61c</run_address>
         <size>0x68</size>
         <input_file_ref idref="fl-c2"/>
      </object_component>
      <object_component id="oc-d9">
         <name>.text:__TI_auto_init_nobinit_nopinit:__TI_auto_init_nobinit_nopinit</name>
         <load_address>0x684</load_address>
         <run_address>0x684</run_address>
         <size>0x44</size>
         <input_file_ref idref="fl-c6"/>
      </object_component>
      <object_component id="oc-55">
         <name>.text:_c_int00_noargs:_c_int00_noargs</name>
         <load_address>0x6c8</load_address>
         <run_address>0x6c8</run_address>
         <size>0x34</size>
         <input_file_ref idref="fl-c3"/>
      </object_component>
      <object_component id="oc-1d">
         <name>.text:decompress:none:__TI_decompress_none</name>
         <load_address>0x6fc</load_address>
         <run_address>0x6fc</run_address>
         <size>0xe</size>
         <input_file_ref idref="fl-c1"/>
      </object_component>
      <object_component id="oc-67">
         <name>.text</name>
         <load_address>0x70a</load_address>
         <run_address>0x70a</run_address>
         <size>0xe</size>
         <input_file_ref idref="fl-5"/>
      </object_component>
      <object_component id="oc-93">
         <name>.text:_system_pre_init</name>
         <load_address>0x718</load_address>
         <run_address>0x718</run_address>
         <size>0x4</size>
         <input_file_ref idref="fl-c7"/>
      </object_component>
      <object_component id="oc-cd">
         <name>.text:abort:abort</name>
         <load_address>0x71c</load_address>
         <run_address>0x71c</run_address>
         <size>0x4</size>
         <input_file_ref idref="fl-c9"/>
      </object_component>
      <object_component id="oc-1ac">
         <name>.cinit..data.load</name>
         <load_address>0x720</load_address>
         <run_address>0x720</run_address>
         <size>0xd</size>
      </object_component>
      <object_component id="oc-1aa">
         <name>__TI_handler_table</name>
         <load_address>0x730</load_address>
         <run_address>0x730</run_address>
         <size>0x8</size>
      </object_component>
      <object_component id="oc-1ab">
         <name>__TI_cinit_table</name>
         <load_address>0x738</load_address>
         <run_address>0x738</run_address>
         <size>0x8</size>
      </object_component>
      <object_component id="oc-17e">
         <name>.binit</name>
         <load_address>0x0</load_address>
         <run_address>0x0</run_address>
         <size>0x0</size>
      </object_component>
      <object_component id="oc-b2">
         <name>.data</name>
         <load_address>0x20000000</load_address>
         <run_address>0x20000000</run_address>
         <size>0x4</size>
         <input_file_ref idref="fl-4"/>
      </object_component>
      <object_component id="oc-10b">
         <name>.data</name>
         <load_address>0x20000004</load_address>
         <run_address>0x20000004</run_address>
         <size>0x4</size>
         <input_file_ref idref="fl-6"/>
      </object_component>
      <object_component id="oc-29">
         <name>.stack</name>
         <uninitialized>true</uninitialized>
         <run_address>0x2000fe00</run_address>
         <size>0x4</size>
         <input_file_ref idref="fl-c3"/>
      </object_component>
      <object_component id="oc-1ae">
         <name>.stack</name>
         <uninitialized>true</uninitialized>
         <run_address>0x2000fe00</run_address>
         <size>0x0</size>
      </object_component>
      <object_component id="oc-11c">
         <name>.debug_info</name>
         <load_address>0x0</load_address>
         <run_address>0x0</run_address>
         <size>0x516</size>
         <input_file_ref idref="fl-2"/>
      </object_component>
      <object_component id="oc-141">
         <name>.debug_info</name>
         <load_address>0x516</load_address>
         <run_address>0x516</run_address>
         <size>0x37e2</size>
         <input_file_ref idref="fl-2"/>
      </object_component>
      <object_component id="oc-b8">
         <name>.debug_info</name>
         <load_address>0x3cf8</load_address>
         <run_address>0x3cf8</run_address>
         <size>0x26b</size>
         <input_file_ref idref="fl-2"/>
      </object_component>
      <object_component id="oc-146">
         <name>.debug_info</name>
         <load_address>0x3f63</load_address>
         <run_address>0x3f63</run_address>
         <size>0x1055</size>
         <input_file_ref idref="fl-2"/>
      </object_component>
      <object_component id="oc-32">
         <name>.debug_info</name>
         <load_address>0x4fb8</load_address>
         <run_address>0x4fb8</run_address>
         <size>0x84</size>
         <input_file_ref idref="fl-2"/>
      </object_component>
      <object_component id="oc-117">
         <name>.debug_info</name>
         <load_address>0x503c</load_address>
         <run_address>0x503c</run_address>
         <size>0x2a4</size>
         <input_file_ref idref="fl-2"/>
      </object_component>
      <object_component id="oc-10f">
         <name>.debug_info</name>
         <load_address>0x52e0</load_address>
         <run_address>0x52e0</run_address>
         <size>0xbb</size>
         <input_file_ref idref="fl-2"/>
      </object_component>
      <object_component id="oc-ad">
         <name>.debug_info</name>
         <load_address>0x539b</load_address>
         <run_address>0x539b</run_address>
         <size>0x176</size>
         <input_file_ref idref="fl-3"/>
      </object_component>
      <object_component id="oc-b3">
         <name>.debug_info</name>
         <load_address>0x5511</load_address>
         <run_address>0x5511</run_address>
         <size>0xb9</size>
         <input_file_ref idref="fl-4"/>
      </object_component>
      <object_component id="oc-70">
         <name>.debug_info</name>
         <load_address>0x55ca</load_address>
         <run_address>0x55ca</run_address>
         <size>0x17f</size>
         <input_file_ref idref="fl-4"/>
      </object_component>
      <object_component id="oc-75">
         <name>.debug_info</name>
         <load_address>0x5749</load_address>
         <run_address>0x5749</run_address>
         <size>0x2b8</size>
         <input_file_ref idref="fl-5"/>
      </object_component>
      <object_component id="oc-27">
         <name>.debug_info</name>
         <load_address>0x5a01</load_address>
         <run_address>0x5a01</run_address>
         <size>0xe4</size>
         <input_file_ref idref="fl-5"/>
      </object_component>
      <object_component id="oc-69">
         <name>.debug_info</name>
         <load_address>0x5ae5</load_address>
         <run_address>0x5ae5</run_address>
         <size>0x1ab</size>
         <input_file_ref idref="fl-5"/>
      </object_component>
      <object_component id="oc-10c">
         <name>.debug_info</name>
         <load_address>0x5c90</load_address>
         <run_address>0x5c90</run_address>
         <size>0xdd</size>
         <input_file_ref idref="fl-6"/>
      </object_component>
      <object_component id="oc-a6">
         <name>.debug_info</name>
         <load_address>0x5d6d</load_address>
         <run_address>0x5d6d</run_address>
         <size>0x24f</size>
         <input_file_ref idref="fl-6"/>
      </object_component>
      <object_component id="oc-42">
         <name>.debug_info</name>
         <load_address>0x5fbc</load_address>
         <run_address>0x5fbc</run_address>
         <size>0x2a8</size>
         <input_file_ref idref="fl-c1"/>
      </object_component>
      <object_component id="oc-20">
         <name>.debug_info</name>
         <load_address>0x6264</load_address>
         <run_address>0x6264</run_address>
         <size>0x1ea</size>
         <input_file_ref idref="fl-c1"/>
      </object_component>
      <object_component id="oc-3d">
         <name>.debug_info</name>
         <load_address>0x644e</load_address>
         <run_address>0x644e</run_address>
         <size>0x46</size>
         <input_file_ref idref="fl-c1"/>
      </object_component>
      <object_component id="oc-7f">
         <name>.debug_info</name>
         <load_address>0x6494</load_address>
         <run_address>0x6494</run_address>
         <size>0x2c</size>
         <input_file_ref idref="fl-c1"/>
      </object_component>
      <object_component id="oc-7d">
         <name>.debug_info</name>
         <load_address>0x64c0</load_address>
         <run_address>0x64c0</run_address>
         <size>0x29e</size>
         <input_file_ref idref="fl-c2"/>
      </object_component>
      <object_component id="oc-1a">
         <name>.debug_info</name>
         <load_address>0x675e</load_address>
         <run_address>0x675e</run_address>
         <size>0x250</size>
         <input_file_ref idref="fl-c2"/>
      </object_component>
      <object_component id="oc-2d">
         <name>.debug_info</name>
         <load_address>0x69ae</load_address>
         <run_address>0x69ae</run_address>
         <size>0x60</size>
         <input_file_ref idref="fl-c2"/>
      </object_component>
      <object_component id="oc-bd">
         <name>.debug_info</name>
         <load_address>0x6a0e</load_address>
         <run_address>0x6a0e</run_address>
         <size>0x46</size>
         <input_file_ref idref="fl-c2"/>
      </object_component>
      <object_component id="oc-78">
         <name>.debug_info</name>
         <load_address>0x6a54</load_address>
         <run_address>0x6a54</run_address>
         <size>0x39</size>
         <input_file_ref idref="fl-c2"/>
      </object_component>
      <object_component id="oc-2a">
         <name>.debug_info</name>
         <load_address>0x6a8d</load_address>
         <run_address>0x6a8d</run_address>
         <size>0x10b</size>
         <input_file_ref idref="fl-c3"/>
      </object_component>
      <object_component id="oc-58">
         <name>.debug_info</name>
         <load_address>0x6b98</load_address>
         <run_address>0x6b98</run_address>
         <size>0x1a9</size>
         <input_file_ref idref="fl-c3"/>
      </object_component>
      <object_component id="oc-38">
         <name>.debug_info</name>
         <load_address>0x6d41</load_address>
         <run_address>0x6d41</run_address>
         <size>0x119</size>
         <input_file_ref idref="fl-c4"/>
      </object_component>
      <object_component id="oc-128">
         <name>.debug_info</name>
         <load_address>0x6e5a</load_address>
         <run_address>0x6e5a</run_address>
         <size>0x4b3</size>
         <input_file_ref idref="fl-c6"/>
      </object_component>
      <object_component id="oc-dc">
         <name>.debug_info</name>
         <load_address>0x730d</load_address>
         <run_address>0x730d</run_address>
         <size>0x1a6</size>
         <input_file_ref idref="fl-c6"/>
      </object_component>
      <object_component id="oc-15b">
         <name>.debug_info</name>
         <load_address>0x74b3</load_address>
         <run_address>0x74b3</run_address>
         <size>0x39</size>
         <input_file_ref idref="fl-c6"/>
      </object_component>
      <object_component id="oc-16f">
         <name>.debug_info</name>
         <load_address>0x74ec</load_address>
         <run_address>0x74ec</run_address>
         <size>0x39</size>
         <input_file_ref idref="fl-c6"/>
      </object_component>
      <object_component id="oc-160">
         <name>.debug_info</name>
         <load_address>0x7525</load_address>
         <run_address>0x7525</run_address>
         <size>0x39</size>
         <input_file_ref idref="fl-c6"/>
      </object_component>
      <object_component id="oc-165">
         <name>.debug_info</name>
         <load_address>0x755e</load_address>
         <run_address>0x755e</run_address>
         <size>0xcd</size>
         <input_file_ref idref="fl-c6"/>
      </object_component>
      <object_component id="oc-94">
         <name>.debug_info</name>
         <load_address>0x762b</load_address>
         <run_address>0x762b</run_address>
         <size>0x153</size>
         <input_file_ref idref="fl-c7"/>
      </object_component>
      <object_component id="oc-cf">
         <name>.debug_info</name>
         <load_address>0x777e</load_address>
         <run_address>0x777e</run_address>
         <size>0x122</size>
         <input_file_ref idref="fl-c9"/>
      </object_component>
      <object_component id="oc-1af">
         <name>.debug_info</name>
         <load_address>0x78a0</load_address>
         <run_address>0x78a0</run_address>
         <size>0x90</size>
      </object_component>
      <object_component id="oc-140">
         <name>.debug_line</name>
         <load_address>0x0</load_address>
         <run_address>0x0</run_address>
         <size>0x20</size>
         <input_file_ref idref="fl-2"/>
      </object_component>
      <object_component id="oc-144">
         <name>.debug_line</name>
         <load_address>0x20</load_address>
         <run_address>0x20</run_address>
         <size>0x54</size>
         <input_file_ref idref="fl-2"/>
      </object_component>
      <object_component id="oc-bb">
         <name>.debug_line</name>
         <load_address>0x74</load_address>
         <run_address>0x74</run_address>
         <size>0x6b</size>
         <input_file_ref idref="fl-2"/>
      </object_component>
      <object_component id="oc-149">
         <name>.debug_line</name>
         <load_address>0xdf</load_address>
         <run_address>0xdf</run_address>
         <size>0x57</size>
         <input_file_ref idref="fl-2"/>
      </object_component>
      <object_component id="oc-35">
         <name>.debug_line</name>
         <load_address>0x136</load_address>
         <run_address>0x136</run_address>
         <size>0x20</size>
         <input_file_ref idref="fl-2"/>
      </object_component>
      <object_component id="oc-11a">
         <name>.debug_line</name>
         <load_address>0x156</load_address>
         <run_address>0x156</run_address>
         <size>0x6f</size>
         <input_file_ref idref="fl-2"/>
      </object_component>
      <object_component id="oc-112">
         <name>.debug_line</name>
         <load_address>0x1c5</load_address>
         <run_address>0x1c5</run_address>
         <size>0x6c</size>
         <input_file_ref idref="fl-2"/>
      </object_component>
      <object_component id="oc-b0">
         <name>.debug_line</name>
         <load_address>0x231</load_address>
         <run_address>0x231</run_address>
         <size>0x76</size>
         <input_file_ref idref="fl-3"/>
      </object_component>
      <object_component id="oc-116">
         <name>.debug_line</name>
         <load_address>0x2a7</load_address>
         <run_address>0x2a7</run_address>
         <size>0x2d</size>
         <input_file_ref idref="fl-4"/>
      </object_component>
      <object_component id="oc-6f">
         <name>.debug_line</name>
         <load_address>0x2d4</load_address>
         <run_address>0x2d4</run_address>
         <size>0x7a</size>
         <input_file_ref idref="fl-4"/>
      </object_component>
      <object_component id="oc-b7">
         <name>.debug_line</name>
         <load_address>0x34e</load_address>
         <run_address>0x34e</run_address>
         <size>0x40</size>
         <input_file_ref idref="fl-5"/>
      </object_component>
      <object_component id="oc-74">
         <name>.debug_line</name>
         <load_address>0x38e</load_address>
         <run_address>0x38e</run_address>
         <size>0x40</size>
         <input_file_ref idref="fl-5"/>
      </object_component>
      <object_component id="oc-68">
         <name>.debug_line</name>
         <load_address>0x3ce</load_address>
         <run_address>0x3ce</run_address>
         <size>0x71</size>
         <input_file_ref idref="fl-5"/>
      </object_component>
      <object_component id="oc-13e">
         <name>.debug_line</name>
         <load_address>0x43f</load_address>
         <run_address>0x43f</run_address>
         <size>0x3b</size>
         <input_file_ref idref="fl-6"/>
      </object_component>
      <object_component id="oc-aa">
         <name>.debug_line</name>
         <load_address>0x47a</load_address>
         <run_address>0x47a</run_address>
         <size>0x134</size>
         <input_file_ref idref="fl-6"/>
      </object_component>
      <object_component id="oc-85">
         <name>.debug_line</name>
         <load_address>0x5ae</load_address>
         <run_address>0x5ae</run_address>
         <size>0x20</size>
         <input_file_ref idref="fl-c1"/>
      </object_component>
      <object_component id="oc-1e">
         <name>.debug_line</name>
         <load_address>0x5ce</load_address>
         <run_address>0x5ce</run_address>
         <size>0x55</size>
         <input_file_ref idref="fl-c1"/>
      </object_component>
      <object_component id="oc-40">
         <name>.debug_line</name>
         <load_address>0x623</load_address>
         <run_address>0x623</run_address>
         <size>0x3a</size>
         <input_file_ref idref="fl-c1"/>
      </object_component>
      <object_component id="oc-82">
         <name>.debug_line</name>
         <load_address>0x65d</load_address>
         <run_address>0x65d</run_address>
         <size>0x92</size>
         <input_file_ref idref="fl-c1"/>
      </object_component>
      <object_component id="oc-c3">
         <name>.debug_line</name>
         <load_address>0x6ef</load_address>
         <run_address>0x6ef</run_address>
         <size>0x20</size>
         <input_file_ref idref="fl-c2"/>
      </object_component>
      <object_component id="oc-19">
         <name>.debug_line</name>
         <load_address>0x70f</load_address>
         <run_address>0x70f</run_address>
         <size>0xa9</size>
         <input_file_ref idref="fl-c2"/>
      </object_component>
      <object_component id="oc-30">
         <name>.debug_line</name>
         <load_address>0x7b8</load_address>
         <run_address>0x7b8</run_address>
         <size>0x3a</size>
         <input_file_ref idref="fl-c2"/>
      </object_component>
      <object_component id="oc-c0">
         <name>.debug_line</name>
         <load_address>0x7f2</load_address>
         <run_address>0x7f2</run_address>
         <size>0x9a</size>
         <input_file_ref idref="fl-c2"/>
      </object_component>
      <object_component id="oc-7b">
         <name>.debug_line</name>
         <load_address>0x88c</load_address>
         <run_address>0x88c</run_address>
         <size>0x96</size>
         <input_file_ref idref="fl-c2"/>
      </object_component>
      <object_component id="oc-77">
         <name>.debug_line</name>
         <load_address>0x922</load_address>
         <run_address>0x922</run_address>
         <size>0x33</size>
         <input_file_ref idref="fl-c3"/>
      </object_component>
      <object_component id="oc-56">
         <name>.debug_line</name>
         <load_address>0x955</load_address>
         <run_address>0x955</run_address>
         <size>0x45</size>
         <input_file_ref idref="fl-c3"/>
      </object_component>
      <object_component id="oc-3b">
         <name>.debug_line</name>
         <load_address>0x99a</load_address>
         <run_address>0x99a</run_address>
         <size>0x88</size>
         <input_file_ref idref="fl-c4"/>
      </object_component>
      <object_component id="oc-15a">
         <name>.debug_line</name>
         <load_address>0xa22</load_address>
         <run_address>0xa22</run_address>
         <size>0xbf</size>
         <input_file_ref idref="fl-c6"/>
      </object_component>
      <object_component id="oc-da">
         <name>.debug_line</name>
         <load_address>0xae1</load_address>
         <run_address>0xae1</run_address>
         <size>0x6f</size>
         <input_file_ref idref="fl-c6"/>
      </object_component>
      <object_component id="oc-15e">
         <name>.debug_line</name>
         <load_address>0xb50</load_address>
         <run_address>0xb50</run_address>
         <size>0x2e</size>
         <input_file_ref idref="fl-c6"/>
      </object_component>
      <object_component id="oc-172">
         <name>.debug_line</name>
         <load_address>0xb7e</load_address>
         <run_address>0xb7e</run_address>
         <size>0x9a</size>
         <input_file_ref idref="fl-c6"/>
      </object_component>
      <object_component id="oc-163">
         <name>.debug_line</name>
         <load_address>0xc18</load_address>
         <run_address>0xc18</run_address>
         <size>0x97</size>
         <input_file_ref idref="fl-c6"/>
      </object_component>
      <object_component id="oc-168">
         <name>.debug_line</name>
         <load_address>0xcaf</load_address>
         <run_address>0xcaf</run_address>
         <size>0x93</size>
         <input_file_ref idref="fl-c6"/>
      </object_component>
      <object_component id="oc-98">
         <name>.debug_line</name>
         <load_address>0xd42</load_address>
         <run_address>0xd42</run_address>
         <size>0x40</size>
         <input_file_ref idref="fl-c7"/>
      </object_component>
      <object_component id="oc-d1">
         <name>.debug_line</name>
         <load_address>0xd82</load_address>
         <run_address>0xd82</run_address>
         <size>0x3c</size>
         <input_file_ref idref="fl-c9"/>
      </object_component>
      <object_component id="oc-13f">
         <name>.debug_abbrev</name>
         <load_address>0x0</load_address>
         <run_address>0x0</run_address>
         <size>0x71</size>
         <input_file_ref idref="fl-2"/>
      </object_component>
      <object_component id="oc-143">
         <name>.debug_abbrev</name>
         <load_address>0x71</load_address>
         <run_address>0x71</run_address>
         <size>0xbd</size>
         <input_file_ref idref="fl-2"/>
      </object_component>
      <object_component id="oc-ba">
         <name>.debug_abbrev</name>
         <load_address>0x12e</load_address>
         <run_address>0x12e</run_address>
         <size>0x69</size>
         <input_file_ref idref="fl-2"/>
      </object_component>
      <object_component id="oc-148">
         <name>.debug_abbrev</name>
         <load_address>0x197</load_address>
         <run_address>0x197</run_address>
         <size>0x97</size>
         <input_file_ref idref="fl-2"/>
      </object_component>
      <object_component id="oc-34">
         <name>.debug_abbrev</name>
         <load_address>0x22e</load_address>
         <run_address>0x22e</run_address>
         <size>0x1f</size>
         <input_file_ref idref="fl-2"/>
      </object_component>
      <object_component id="oc-119">
         <name>.debug_abbrev</name>
         <load_address>0x24d</load_address>
         <run_address>0x24d</run_address>
         <size>0x5c</size>
         <input_file_ref idref="fl-2"/>
      </object_component>
      <object_component id="oc-111">
         <name>.debug_abbrev</name>
         <load_address>0x2a9</load_address>
         <run_address>0x2a9</run_address>
         <size>0x24</size>
         <input_file_ref idref="fl-2"/>
      </object_component>
      <object_component id="oc-114">
         <name>.debug_abbrev</name>
         <load_address>0x2cd</load_address>
         <run_address>0x2cd</run_address>
         <size>0x6c</size>
         <input_file_ref idref="fl-3"/>
      </object_component>
      <object_component id="oc-115">
         <name>.debug_abbrev</name>
         <load_address>0x339</load_address>
         <run_address>0x339</run_address>
         <size>0x29</size>
         <input_file_ref idref="fl-4"/>
      </object_component>
      <object_component id="oc-b5">
         <name>.debug_abbrev</name>
         <load_address>0x362</load_address>
         <run_address>0x362</run_address>
         <size>0x9b</size>
         <input_file_ref idref="fl-4"/>
      </object_component>
      <object_component id="oc-b6">
         <name>.debug_abbrev</name>
         <load_address>0x3fd</load_address>
         <run_address>0x3fd</run_address>
         <size>0x7c</size>
         <input_file_ref idref="fl-5"/>
      </object_component>
      <object_component id="oc-73">
         <name>.debug_abbrev</name>
         <load_address>0x479</load_address>
         <run_address>0x479</run_address>
         <size>0x29</size>
         <input_file_ref idref="fl-5"/>
      </object_component>
      <object_component id="oc-ab">
         <name>.debug_abbrev</name>
         <load_address>0x4a2</load_address>
         <run_address>0x4a2</run_address>
         <size>0x89</size>
         <input_file_ref idref="fl-5"/>
      </object_component>
      <object_component id="oc-13d">
         <name>.debug_abbrev</name>
         <load_address>0x52b</load_address>
         <run_address>0x52b</run_address>
         <size>0x29</size>
         <input_file_ref idref="fl-6"/>
      </object_component>
      <object_component id="oc-10e">
         <name>.debug_abbrev</name>
         <load_address>0x554</load_address>
         <run_address>0x554</run_address>
         <size>0x8b</size>
         <input_file_ref idref="fl-6"/>
      </object_component>
      <object_component id="oc-84">
         <name>.debug_abbrev</name>
         <load_address>0x5df</load_address>
         <run_address>0x5df</run_address>
         <size>0x37</size>
         <input_file_ref idref="fl-c1"/>
      </object_component>
      <object_component id="oc-3c">
         <name>.debug_abbrev</name>
         <load_address>0x616</load_address>
         <run_address>0x616</run_address>
         <size>0x74</size>
         <input_file_ref idref="fl-c1"/>
      </object_component>
      <object_component id="oc-3f">
         <name>.debug_abbrev</name>
         <load_address>0x68a</load_address>
         <run_address>0x68a</run_address>
         <size>0x24</size>
         <input_file_ref idref="fl-c1"/>
      </object_component>
      <object_component id="oc-81">
         <name>.debug_abbrev</name>
         <load_address>0x6ae</load_address>
         <run_address>0x6ae</run_address>
         <size>0x24</size>
         <input_file_ref idref="fl-c1"/>
      </object_component>
      <object_component id="oc-c2">
         <name>.debug_abbrev</name>
         <load_address>0x6d2</load_address>
         <run_address>0x6d2</run_address>
         <size>0x37</size>
         <input_file_ref idref="fl-c2"/>
      </object_component>
      <object_component id="oc-2c">
         <name>.debug_abbrev</name>
         <load_address>0x709</load_address>
         <run_address>0x709</run_address>
         <size>0x6f</size>
         <input_file_ref idref="fl-c2"/>
      </object_component>
      <object_component id="oc-2f">
         <name>.debug_abbrev</name>
         <load_address>0x778</load_address>
         <run_address>0x778</run_address>
         <size>0x24</size>
         <input_file_ref idref="fl-c2"/>
      </object_component>
      <object_component id="oc-bf">
         <name>.debug_abbrev</name>
         <load_address>0x79c</load_address>
         <run_address>0x79c</run_address>
         <size>0x35</size>
         <input_file_ref idref="fl-c2"/>
      </object_component>
      <object_component id="oc-7a">
         <name>.debug_abbrev</name>
         <load_address>0x7d1</load_address>
         <run_address>0x7d1</run_address>
         <size>0x24</size>
         <input_file_ref idref="fl-c2"/>
      </object_component>
      <object_component id="oc-76">
         <name>.debug_abbrev</name>
         <load_address>0x7f5</load_address>
         <run_address>0x7f5</run_address>
         <size>0x29</size>
         <input_file_ref idref="fl-c3"/>
      </object_component>
      <object_component id="oc-9c">
         <name>.debug_abbrev</name>
         <load_address>0x81e</load_address>
         <run_address>0x81e</run_address>
         <size>0x55</size>
         <input_file_ref idref="fl-c3"/>
      </object_component>
      <object_component id="oc-7e">
         <name>.debug_abbrev</name>
         <load_address>0x873</load_address>
         <run_address>0x873</run_address>
         <size>0x3e</size>
         <input_file_ref idref="fl-c4"/>
      </object_component>
      <object_component id="oc-159">
         <name>.debug_abbrev</name>
         <load_address>0x8b1</load_address>
         <run_address>0x8b1</run_address>
         <size>0xc0</size>
         <input_file_ref idref="fl-c6"/>
      </object_component>
      <object_component id="oc-127">
         <name>.debug_abbrev</name>
         <load_address>0x971</load_address>
         <run_address>0x971</run_address>
         <size>0x7e</size>
         <input_file_ref idref="fl-c6"/>
      </object_component>
      <object_component id="oc-15d">
         <name>.debug_abbrev</name>
         <load_address>0x9ef</load_address>
         <run_address>0x9ef</run_address>
         <size>0x24</size>
         <input_file_ref idref="fl-c6"/>
      </object_component>
      <object_component id="oc-171">
         <name>.debug_abbrev</name>
         <load_address>0xa13</load_address>
         <run_address>0xa13</run_address>
         <size>0x24</size>
         <input_file_ref idref="fl-c6"/>
      </object_component>
      <object_component id="oc-162">
         <name>.debug_abbrev</name>
         <load_address>0xa37</load_address>
         <run_address>0xa37</run_address>
         <size>0x24</size>
         <input_file_ref idref="fl-c6"/>
      </object_component>
      <object_component id="oc-167">
         <name>.debug_abbrev</name>
         <load_address>0xa5b</load_address>
         <run_address>0xa5b</run_address>
         <size>0x4b</size>
         <input_file_ref idref="fl-c6"/>
      </object_component>
      <object_component id="oc-cc">
         <name>.debug_abbrev</name>
         <load_address>0xaa6</load_address>
         <run_address>0xaa6</run_address>
         <size>0x55</size>
         <input_file_ref idref="fl-c7"/>
      </object_component>
      <object_component id="oc-11d">
         <name>.debug_abbrev</name>
         <load_address>0xafb</load_address>
         <run_address>0xafb</run_address>
         <size>0x45</size>
         <input_file_ref idref="fl-c9"/>
      </object_component>
      <object_component id="oc-1b0">
         <name>.debug_abbrev</name>
         <load_address>0xb40</load_address>
         <run_address>0xb40</run_address>
         <size>0xf</size>
      </object_component>
      <object_component id="oc-145">
         <name>.debug_str</name>
         <load_address>0x0</load_address>
         <run_address>0x0</run_address>
         <size>0x15b6</size>
         <input_file_ref idref="fl-2"/>
      </object_component>
      <object_component id="oc-bc">
         <name>.debug_str</name>
         <load_address>0x15b6</load_address>
         <run_address>0x15b6</run_address>
         <size>0x29d</size>
         <input_file_ref idref="fl-2"/>
      </object_component>
      <object_component id="oc-14a">
         <name>.debug_str</name>
         <load_address>0x1853</load_address>
         <run_address>0x1853</run_address>
         <size>0x472</size>
         <input_file_ref idref="fl-2"/>
      </object_component>
      <object_component id="oc-36">
         <name>.debug_str</name>
         <load_address>0x1cc5</load_address>
         <run_address>0x1cc5</run_address>
         <size>0xfd</size>
         <input_file_ref idref="fl-2"/>
      </object_component>
      <object_component id="oc-11b">
         <name>.debug_str</name>
         <load_address>0x1dc2</load_address>
         <run_address>0x1dc2</run_address>
         <size>0x333</size>
         <input_file_ref idref="fl-2"/>
      </object_component>
      <object_component id="oc-113">
         <name>.debug_str</name>
         <load_address>0x20f5</load_address>
         <run_address>0x20f5</run_address>
         <size>0x135</size>
         <input_file_ref idref="fl-2"/>
      </object_component>
      <object_component id="oc-41">
         <name>.debug_str</name>
         <load_address>0x222a</load_address>
         <run_address>0x222a</run_address>
         <size>0x10b</size>
         <input_file_ref idref="fl-c1"/>
      </object_component>
      <object_component id="oc-83">
         <name>.debug_str</name>
         <load_address>0x2335</load_address>
         <run_address>0x2335</run_address>
         <size>0x140</size>
         <input_file_ref idref="fl-c1"/>
      </object_component>
      <object_component id="oc-31">
         <name>.debug_str</name>
         <load_address>0x2475</load_address>
         <run_address>0x2475</run_address>
         <size>0x118</size>
         <input_file_ref idref="fl-c2"/>
      </object_component>
      <object_component id="oc-c1">
         <name>.debug_str</name>
         <load_address>0x258d</load_address>
         <run_address>0x258d</run_address>
         <size>0x16b</size>
         <input_file_ref idref="fl-c2"/>
      </object_component>
      <object_component id="oc-7c">
         <name>.debug_str</name>
         <load_address>0x26f8</load_address>
         <run_address>0x26f8</run_address>
         <size>0x158</size>
         <input_file_ref idref="fl-c2"/>
      </object_component>
      <object_component id="oc-15f">
         <name>.debug_str</name>
         <load_address>0x2850</load_address>
         <run_address>0x2850</run_address>
         <size>0xed</size>
         <input_file_ref idref="fl-c6"/>
      </object_component>
      <object_component id="oc-173">
         <name>.debug_str</name>
         <load_address>0x293d</load_address>
         <run_address>0x293d</run_address>
         <size>0x157</size>
         <input_file_ref idref="fl-c6"/>
      </object_component>
      <object_component id="oc-164">
         <name>.debug_str</name>
         <load_address>0x2a94</load_address>
         <run_address>0x2a94</run_address>
         <size>0x150</size>
         <input_file_ref idref="fl-c6"/>
      </object_component>
      <object_component id="oc-169">
         <name>.debug_str</name>
         <load_address>0x2be4</load_address>
         <run_address>0x2be4</run_address>
         <size>0x197</size>
         <input_file_ref idref="fl-c6"/>
      </object_component>
      <object_component id="oc-142">
         <name>.debug_pubtypes</name>
         <load_address>0x0</load_address>
         <run_address>0x0</run_address>
         <size>0x2ce</size>
         <input_file_ref idref="fl-2"/>
      </object_component>
      <object_component id="oc-b9">
         <name>.debug_pubtypes</name>
         <load_address>0x2ce</load_address>
         <run_address>0x2ce</run_address>
         <size>0x25c</size>
         <input_file_ref idref="fl-2"/>
      </object_component>
      <object_component id="oc-147">
         <name>.debug_pubtypes</name>
         <load_address>0x52a</load_address>
         <run_address>0x52a</run_address>
         <size>0xdd</size>
         <input_file_ref idref="fl-2"/>
      </object_component>
      <object_component id="oc-33">
         <name>.debug_pubtypes</name>
         <load_address>0x607</load_address>
         <run_address>0x607</run_address>
         <size>0xed</size>
         <input_file_ref idref="fl-2"/>
      </object_component>
      <object_component id="oc-118">
         <name>.debug_pubtypes</name>
         <load_address>0x6f4</load_address>
         <run_address>0x6f4</run_address>
         <size>0x330</size>
         <input_file_ref idref="fl-2"/>
      </object_component>
      <object_component id="oc-110">
         <name>.debug_pubtypes</name>
         <load_address>0xa24</load_address>
         <run_address>0xa24</run_address>
         <size>0xaa</size>
         <input_file_ref idref="fl-2"/>
      </object_component>
      <object_component id="oc-3e">
         <name>.debug_pubtypes</name>
         <load_address>0xace</load_address>
         <run_address>0xace</run_address>
         <size>0x48</size>
         <input_file_ref idref="fl-c1"/>
      </object_component>
      <object_component id="oc-80">
         <name>.debug_pubtypes</name>
         <load_address>0xb16</load_address>
         <run_address>0xb16</run_address>
         <size>0x1d</size>
         <input_file_ref idref="fl-c1"/>
      </object_component>
      <object_component id="oc-2e">
         <name>.debug_pubtypes</name>
         <load_address>0xb33</load_address>
         <run_address>0xb33</run_address>
         <size>0x5d</size>
         <input_file_ref idref="fl-c2"/>
      </object_component>
      <object_component id="oc-be">
         <name>.debug_pubtypes</name>
         <load_address>0xb90</load_address>
         <run_address>0xb90</run_address>
         <size>0x48</size>
         <input_file_ref idref="fl-c2"/>
      </object_component>
      <object_component id="oc-79">
         <name>.debug_pubtypes</name>
         <load_address>0xbd8</load_address>
         <run_address>0xbd8</run_address>
         <size>0x35</size>
         <input_file_ref idref="fl-c2"/>
      </object_component>
      <object_component id="oc-15c">
         <name>.debug_pubtypes</name>
         <load_address>0xc0d</load_address>
         <run_address>0xc0d</run_address>
         <size>0x32</size>
         <input_file_ref idref="fl-c6"/>
      </object_component>
      <object_component id="oc-170">
         <name>.debug_pubtypes</name>
         <load_address>0xc3f</load_address>
         <run_address>0xc3f</run_address>
         <size>0x30</size>
         <input_file_ref idref="fl-c6"/>
      </object_component>
      <object_component id="oc-161">
         <name>.debug_pubtypes</name>
         <load_address>0xc6f</load_address>
         <run_address>0xc6f</run_address>
         <size>0x2c</size>
         <input_file_ref idref="fl-c6"/>
      </object_component>
      <object_component id="oc-166">
         <name>.debug_pubtypes</name>
         <load_address>0xc9b</load_address>
         <run_address>0xc9b</run_address>
         <size>0x50</size>
         <input_file_ref idref="fl-c6"/>
      </object_component>
      <object_component id="oc-b1">
         <name>.debug_frame</name>
         <load_address>0x0</load_address>
         <run_address>0x0</run_address>
         <size>0x6c</size>
         <input_file_ref idref="fl-3"/>
      </object_component>
      <object_component id="oc-6e">
         <name>.debug_frame</name>
         <load_address>0x6c</load_address>
         <run_address>0x6c</run_address>
         <size>0x6c</size>
         <input_file_ref idref="fl-4"/>
      </object_component>
      <object_component id="oc-6c">
         <name>.debug_frame</name>
         <load_address>0xd8</load_address>
         <run_address>0xd8</run_address>
         <size>0x6c</size>
         <input_file_ref idref="fl-5"/>
      </object_component>
      <object_component id="oc-a9">
         <name>.debug_frame</name>
         <load_address>0x144</load_address>
         <run_address>0x144</run_address>
         <size>0x70</size>
         <input_file_ref idref="fl-6"/>
      </object_component>
      <object_component id="oc-22">
         <name>.debug_frame</name>
         <load_address>0x1b4</load_address>
         <run_address>0x1b4</run_address>
         <size>0x54</size>
         <input_file_ref idref="fl-c1"/>
      </object_component>
      <object_component id="oc-18">
         <name>.debug_frame</name>
         <load_address>0x208</load_address>
         <run_address>0x208</run_address>
         <size>0x60</size>
         <input_file_ref idref="fl-c2"/>
      </object_component>
      <object_component id="oc-57">
         <name>.debug_frame</name>
         <load_address>0x268</load_address>
         <run_address>0x268</run_address>
         <size>0x50</size>
         <input_file_ref idref="fl-c3"/>
      </object_component>
      <object_component id="oc-db">
         <name>.debug_frame</name>
         <load_address>0x2b8</load_address>
         <run_address>0x2b8</run_address>
         <size>0x5c</size>
         <input_file_ref idref="fl-c6"/>
      </object_component>
      <object_component id="oc-97">
         <name>.debug_frame</name>
         <load_address>0x314</load_address>
         <run_address>0x314</run_address>
         <size>0x54</size>
         <input_file_ref idref="fl-c7"/>
      </object_component>
      <object_component id="oc-d2">
         <name>.debug_frame</name>
         <load_address>0x368</load_address>
         <run_address>0x368</run_address>
         <size>0x54</size>
         <input_file_ref idref="fl-c9"/>
      </object_component>
      <object_component id="oc-ae">
         <name>.debug_aranges</name>
         <load_address>0x0</load_address>
         <run_address>0x0</run_address>
         <size>0x28</size>
         <input_file_ref idref="fl-3"/>
      </object_component>
      <object_component id="oc-72">
         <name>.debug_aranges</name>
         <load_address>0x28</load_address>
         <run_address>0x28</run_address>
         <size>0x28</size>
         <input_file_ref idref="fl-4"/>
      </object_component>
      <object_component id="oc-6a">
         <name>.debug_aranges</name>
         <load_address>0x50</load_address>
         <run_address>0x50</run_address>
         <size>0x28</size>
         <input_file_ref idref="fl-5"/>
      </object_component>
      <object_component id="oc-a7">
         <name>.debug_aranges</name>
         <load_address>0x78</load_address>
         <run_address>0x78</run_address>
         <size>0x28</size>
         <input_file_ref idref="fl-6"/>
      </object_component>
      <object_component id="oc-1f">
         <name>.debug_aranges</name>
         <load_address>0xa0</load_address>
         <run_address>0xa0</run_address>
         <size>0x20</size>
         <input_file_ref idref="fl-c1"/>
      </object_component>
      <object_component id="oc-1c">
         <name>.debug_aranges</name>
         <load_address>0xc0</load_address>
         <run_address>0xc0</run_address>
         <size>0x20</size>
         <input_file_ref idref="fl-c2"/>
      </object_component>
      <object_component id="oc-5a">
         <name>.debug_aranges</name>
         <load_address>0xe0</load_address>
         <run_address>0xe0</run_address>
         <size>0x20</size>
         <input_file_ref idref="fl-c3"/>
      </object_component>
      <object_component id="oc-39">
         <name>.debug_aranges</name>
         <load_address>0x100</load_address>
         <run_address>0x100</run_address>
         <size>0x20</size>
         <input_file_ref idref="fl-c4"/>
      </object_component>
      <object_component id="oc-dd">
         <name>.debug_aranges</name>
         <load_address>0x120</load_address>
         <run_address>0x120</run_address>
         <size>0x20</size>
         <input_file_ref idref="fl-c6"/>
      </object_component>
      <object_component id="oc-96">
         <name>.debug_aranges</name>
         <load_address>0x140</load_address>
         <run_address>0x140</run_address>
         <size>0x20</size>
         <input_file_ref idref="fl-c7"/>
      </object_component>
      <object_component id="oc-ce">
         <name>.debug_aranges</name>
         <load_address>0x160</load_address>
         <run_address>0x160</run_address>
         <size>0x20</size>
         <input_file_ref idref="fl-c9"/>
      </object_component>
      <object_component id="oc-af">
         <name>.debug_pubnames</name>
         <load_address>0x0</load_address>
         <run_address>0x0</run_address>
         <size>0x2b</size>
         <input_file_ref idref="fl-3"/>
      </object_component>
      <object_component id="oc-b4">
         <name>.debug_pubnames</name>
         <load_address>0x2b</load_address>
         <run_address>0x2b</run_address>
         <size>0x1b</size>
         <input_file_ref idref="fl-4"/>
      </object_component>
      <object_component id="oc-71">
         <name>.debug_pubnames</name>
         <load_address>0x46</load_address>
         <run_address>0x46</run_address>
         <size>0x30</size>
         <input_file_ref idref="fl-4"/>
      </object_component>
      <object_component id="oc-28">
         <name>.debug_pubnames</name>
         <load_address>0x76</load_address>
         <run_address>0x76</run_address>
         <size>0x27</size>
         <input_file_ref idref="fl-5"/>
      </object_component>
      <object_component id="oc-6b">
         <name>.debug_pubnames</name>
         <load_address>0x9d</load_address>
         <run_address>0x9d</run_address>
         <size>0x38</size>
         <input_file_ref idref="fl-5"/>
      </object_component>
      <object_component id="oc-10d">
         <name>.debug_pubnames</name>
         <load_address>0xd5</load_address>
         <run_address>0xd5</run_address>
         <size>0x26</size>
         <input_file_ref idref="fl-6"/>
      </object_component>
      <object_component id="oc-a8">
         <name>.debug_pubnames</name>
         <load_address>0xfb</load_address>
         <run_address>0xfb</run_address>
         <size>0x3b</size>
         <input_file_ref idref="fl-6"/>
      </object_component>
      <object_component id="oc-21">
         <name>.debug_pubnames</name>
         <load_address>0x136</load_address>
         <run_address>0x136</run_address>
         <size>0x2b</size>
         <input_file_ref idref="fl-c1"/>
      </object_component>
      <object_component id="oc-1b">
         <name>.debug_pubnames</name>
         <load_address>0x161</load_address>
         <run_address>0x161</run_address>
         <size>0x2b</size>
         <input_file_ref idref="fl-c2"/>
      </object_component>
      <object_component id="oc-2b">
         <name>.debug_pubnames</name>
         <load_address>0x18c</load_address>
         <run_address>0x18c</run_address>
         <size>0x1e</size>
         <input_file_ref idref="fl-c3"/>
      </object_component>
      <object_component id="oc-59">
         <name>.debug_pubnames</name>
         <load_address>0x1aa</load_address>
         <run_address>0x1aa</run_address>
         <size>0x26</size>
         <input_file_ref idref="fl-c3"/>
      </object_component>
      <object_component id="oc-3a">
         <name>.debug_pubnames</name>
         <load_address>0x1d0</load_address>
         <run_address>0x1d0</run_address>
         <size>0x1d</size>
         <input_file_ref idref="fl-c4"/>
      </object_component>
      <object_component id="oc-de">
         <name>.debug_pubnames</name>
         <load_address>0x1ed</load_address>
         <run_address>0x1ed</run_address>
         <size>0x35</size>
         <input_file_ref idref="fl-c6"/>
      </object_component>
      <object_component id="oc-95">
         <name>.debug_pubnames</name>
         <load_address>0x222</load_address>
         <run_address>0x222</run_address>
         <size>0x27</size>
         <input_file_ref idref="fl-c7"/>
      </object_component>
      <object_component id="oc-d0">
         <name>.debug_pubnames</name>
         <load_address>0x249</load_address>
         <run_address>0x249</run_address>
         <size>0x1c</size>
         <input_file_ref idref="fl-c9"/>
      </object_component>
   </object_component_list>
   <logical_group_list>
      <logical_group id="lg-3" display="no" color="cyan">
         <name>.intvecs</name>
         <load_address>0x0</load_address>
         <run_address>0x0</run_address>
         <size>0xe4</size>
         <contents>
            <object_component_ref idref="oc-26"/>
         </contents>
      </logical_group>
      <logical_group id="lg-4" display="no" color="cyan">
         <name>.text</name>
         <load_address>0xe4</load_address>
         <run_address>0xe4</run_address>
         <size>0x63c</size>
         <contents>
            <object_component_ref idref="oc-a5"/>
            <object_component_ref idref="oc-ac"/>
            <object_component_ref idref="oc-6d"/>
            <object_component_ref idref="oc-37"/>
            <object_component_ref idref="oc-17"/>
            <object_component_ref idref="oc-d9"/>
            <object_component_ref idref="oc-55"/>
            <object_component_ref idref="oc-1d"/>
            <object_component_ref idref="oc-67"/>
            <object_component_ref idref="oc-93"/>
            <object_component_ref idref="oc-cd"/>
         </contents>
      </logical_group>
      <logical_group id="lg-5" display="no" color="cyan">
         <name>.const</name>
         <run_address>0x0</run_address>
         <size>0x0</size>
         <contents>
         </contents>
      </logical_group>
      <logical_group id="lg-6" display="no" color="cyan">
         <name>.cinit</name>
         <load_address>0x720</load_address>
         <run_address>0x720</run_address>
         <size>0x20</size>
         <contents>
            <object_component_ref idref="oc-1ac"/>
            <object_component_ref idref="oc-1aa"/>
            <object_component_ref idref="oc-1ab"/>
         </contents>
      </logical_group>
      <logical_group id="lg-7" display="no" color="cyan">
         <name>.pinit</name>
         <run_address>0x0</run_address>
         <size>0x0</size>
         <contents>
         </contents>
      </logical_group>
      <logical_group id="lg-8" display="no" color="cyan">
         <name>.init_array</name>
         <run_address>0x0</run_address>
         <size>0x0</size>
         <contents>
         </contents>
      </logical_group>
      <logical_group id="lg-9" display="no" color="cyan">
         <name>.binit</name>
         <load_address>0x0</load_address>
         <run_address>0x0</run_address>
         <size>0x0</size>
         <contents>
            <object_component_ref idref="oc-17e"/>
         </contents>
      </logical_group>
      <logical_group id="lg-a" display="no" color="cyan">
         <name>.flashMailbox</name>
         <run_address>0x0</run_address>
         <size>0x0</size>
         <contents>
         </contents>
      </logical_group>
      <logical_group id="lg-b" display="no" color="cyan">
         <name>.tlvTable</name>
         <run_address>0x0</run_address>
         <size>0x0</size>
         <contents>
         </contents>
      </logical_group>
      <logical_group id="lg-c" display="no" color="cyan">
         <name>.bslArea</name>
         <run_address>0x0</run_address>
         <size>0x0</size>
         <contents>
         </contents>
      </logical_group>
      <logical_group id="lg-d" display="no" color="cyan">
         <name>.vtable</name>
         <run_address>0x0</run_address>
         <size>0x0</size>
         <contents>
         </contents>
      </logical_group>
      <logical_group id="lg-e" display="no" color="cyan">
         <name>.data</name>
         <run_address>0x20000000</run_address>
         <size>0x8</size>
         <contents>
            <object_component_ref idref="oc-b2"/>
            <object_component_ref idref="oc-10b"/>
         </contents>
      </logical_group>
      <logical_group id="lg-f" display="no" color="cyan">
         <name>.bss</name>
         <run_address>0x0</run_address>
         <size>0x0</size>
         <contents>
         </contents>
      </logical_group>
      <logical_group id="lg-10" display="no" color="cyan">
         <name>.sysmem</name>
         <run_address>0x0</run_address>
         <size>0x0</size>
         <contents>
         </contents>
      </logical_group>
      <logical_group id="lg-11" display="no" color="cyan">
         <name>.stack</name>
         <run_address>0x2000fe00</run_address>
         <size>0x200</size>
         <contents>
            <object_component_ref idref="oc-29"/>
            <object_component_ref idref="oc-1ae"/>
         </contents>
      </logical_group>
      <logical_group id="lg-12" display="no" color="cyan">
         <name>.TI.ramfunc</name>
         <run_address>0x0</run_address>
         <size>0x0</size>
         <contents>
         </contents>
      </logical_group>
      <logical_group id="lg-17b" display="no" color="cyan">
         <name>.TI.noinit</name>
         <run_address>0x0</run_address>
         <size>0x0</size>
         <contents>
         </contents>
      </logical_group>
      <logical_group id="lg-17c" display="no" color="cyan">
         <name>.TI.persistent</name>
         <run_address>0x0</run_address>
         <size>0x0</size>
         <contents>
         </contents>
      </logical_group>
      <logical_group id="lg-17d" display="no" color="cyan">
         <name>__llvm_prf_cnts</name>
         <run_address>0x20000000</run_address>
         <size>0x0</size>
         <contents>
         </contents>
      </logical_group>
      <logical_group id="lg-192" display="never" color="cyan">
         <name>.debug_info</name>
         <load_address>0x0</load_address>
         <run_address>0x0</run_address>
         <size>0x7930</size>
         <contents>
            <object_component_ref idref="oc-11c"/>
            <object_component_ref idref="oc-141"/>
            <object_component_ref idref="oc-b8"/>
            <object_component_ref idref="oc-146"/>
            <object_component_ref idref="oc-32"/>
            <object_component_ref idref="oc-117"/>
            <object_component_ref idref="oc-10f"/>
            <object_component_ref idref="oc-ad"/>
            <object_component_ref idref="oc-b3"/>
            <object_component_ref idref="oc-70"/>
            <object_component_ref idref="oc-75"/>
            <object_component_ref idref="oc-27"/>
            <object_component_ref idref="oc-69"/>
            <object_component_ref idref="oc-10c"/>
            <object_component_ref idref="oc-a6"/>
            <object_component_ref idref="oc-42"/>
            <object_component_ref idref="oc-20"/>
            <object_component_ref idref="oc-3d"/>
            <object_component_ref idref="oc-7f"/>
            <object_component_ref idref="oc-7d"/>
            <object_component_ref idref="oc-1a"/>
            <object_component_ref idref="oc-2d"/>
            <object_component_ref idref="oc-bd"/>
            <object_component_ref idref="oc-78"/>
            <object_component_ref idref="oc-2a"/>
            <object_component_ref idref="oc-58"/>
            <object_component_ref idref="oc-38"/>
            <object_component_ref idref="oc-128"/>
            <object_component_ref idref="oc-dc"/>
            <object_component_ref idref="oc-15b"/>
            <object_component_ref idref="oc-16f"/>
            <object_component_ref idref="oc-160"/>
            <object_component_ref idref="oc-165"/>
            <object_component_ref idref="oc-94"/>
            <object_component_ref idref="oc-cf"/>
            <object_component_ref idref="oc-1af"/>
         </contents>
      </logical_group>
      <logical_group id="lg-194" display="never" color="cyan">
         <name>.debug_line</name>
         <load_address>0x0</load_address>
         <run_address>0x0</run_address>
         <size>0xdbe</size>
         <contents>
            <object_component_ref idref="oc-140"/>
            <object_component_ref idref="oc-144"/>
            <object_component_ref idref="oc-bb"/>
            <object_component_ref idref="oc-149"/>
            <object_component_ref idref="oc-35"/>
            <object_component_ref idref="oc-11a"/>
            <object_component_ref idref="oc-112"/>
            <object_component_ref idref="oc-b0"/>
            <object_component_ref idref="oc-116"/>
            <object_component_ref idref="oc-6f"/>
            <object_component_ref idref="oc-b7"/>
            <object_component_ref idref="oc-74"/>
            <object_component_ref idref="oc-68"/>
            <object_component_ref idref="oc-13e"/>
            <object_component_ref idref="oc-aa"/>
            <object_component_ref idref="oc-85"/>
            <object_component_ref idref="oc-1e"/>
            <object_component_ref idref="oc-40"/>
            <object_component_ref idref="oc-82"/>
            <object_component_ref idref="oc-c3"/>
            <object_component_ref idref="oc-19"/>
            <object_component_ref idref="oc-30"/>
            <object_component_ref idref="oc-c0"/>
            <object_component_ref idref="oc-7b"/>
            <object_component_ref idref="oc-77"/>
            <object_component_ref idref="oc-56"/>
            <object_component_ref idref="oc-3b"/>
            <object_component_ref idref="oc-15a"/>
            <object_component_ref idref="oc-da"/>
            <object_component_ref idref="oc-15e"/>
            <object_component_ref idref="oc-172"/>
            <object_component_ref idref="oc-163"/>
            <object_component_ref idref="oc-168"/>
            <object_component_ref idref="oc-98"/>
            <object_component_ref idref="oc-d1"/>
         </contents>
      </logical_group>
      <logical_group id="lg-196" display="never" color="cyan">
         <name>.debug_abbrev</name>
         <load_address>0x0</load_address>
         <run_address>0x0</run_address>
         <size>0xb4f</size>
         <contents>
            <object_component_ref idref="oc-13f"/>
            <object_component_ref idref="oc-143"/>
            <object_component_ref idref="oc-ba"/>
            <object_component_ref idref="oc-148"/>
            <object_component_ref idref="oc-34"/>
            <object_component_ref idref="oc-119"/>
            <object_component_ref idref="oc-111"/>
            <object_component_ref idref="oc-114"/>
            <object_component_ref idref="oc-115"/>
            <object_component_ref idref="oc-b5"/>
            <object_component_ref idref="oc-b6"/>
            <object_component_ref idref="oc-73"/>
            <object_component_ref idref="oc-ab"/>
            <object_component_ref idref="oc-13d"/>
            <object_component_ref idref="oc-10e"/>
            <object_component_ref idref="oc-84"/>
            <object_component_ref idref="oc-3c"/>
            <object_component_ref idref="oc-3f"/>
            <object_component_ref idref="oc-81"/>
            <object_component_ref idref="oc-c2"/>
            <object_component_ref idref="oc-2c"/>
            <object_component_ref idref="oc-2f"/>
            <object_component_ref idref="oc-bf"/>
            <object_component_ref idref="oc-7a"/>
            <object_component_ref idref="oc-76"/>
            <object_component_ref idref="oc-9c"/>
            <object_component_ref idref="oc-7e"/>
            <object_component_ref idref="oc-159"/>
            <object_component_ref idref="oc-127"/>
            <object_component_ref idref="oc-15d"/>
            <object_component_ref idref="oc-171"/>
            <object_component_ref idref="oc-162"/>
            <object_component_ref idref="oc-167"/>
            <object_component_ref idref="oc-cc"/>
            <object_component_ref idref="oc-11d"/>
            <object_component_ref idref="oc-1b0"/>
         </contents>
      </logical_group>
      <logical_group id="lg-198" display="never" color="cyan">
         <name>.debug_str</name>
         <load_address>0x0</load_address>
         <run_address>0x0</run_address>
         <size>0x2d7b</size>
         <contents>
            <object_component_ref idref="oc-145"/>
            <object_component_ref idref="oc-bc"/>
            <object_component_ref idref="oc-14a"/>
            <object_component_ref idref="oc-36"/>
            <object_component_ref idref="oc-11b"/>
            <object_component_ref idref="oc-113"/>
            <object_component_ref idref="oc-41"/>
            <object_component_ref idref="oc-83"/>
            <object_component_ref idref="oc-31"/>
            <object_component_ref idref="oc-c1"/>
            <object_component_ref idref="oc-7c"/>
            <object_component_ref idref="oc-15f"/>
            <object_component_ref idref="oc-173"/>
            <object_component_ref idref="oc-164"/>
            <object_component_ref idref="oc-169"/>
         </contents>
      </logical_group>
      <logical_group id="lg-19a" display="never" color="cyan">
         <name>.debug_pubtypes</name>
         <load_address>0x0</load_address>
         <run_address>0x0</run_address>
         <size>0xceb</size>
         <contents>
            <object_component_ref idref="oc-142"/>
            <object_component_ref idref="oc-b9"/>
            <object_component_ref idref="oc-147"/>
            <object_component_ref idref="oc-33"/>
            <object_component_ref idref="oc-118"/>
            <object_component_ref idref="oc-110"/>
            <object_component_ref idref="oc-3e"/>
            <object_component_ref idref="oc-80"/>
            <object_component_ref idref="oc-2e"/>
            <object_component_ref idref="oc-be"/>
            <object_component_ref idref="oc-79"/>
            <object_component_ref idref="oc-15c"/>
            <object_component_ref idref="oc-170"/>
            <object_component_ref idref="oc-161"/>
            <object_component_ref idref="oc-166"/>
         </contents>
      </logical_group>
      <logical_group id="lg-19c" display="never" color="cyan">
         <name>.debug_frame</name>
         <load_address>0x0</load_address>
         <run_address>0x0</run_address>
         <size>0x3bc</size>
         <contents>
            <object_component_ref idref="oc-b1"/>
            <object_component_ref idref="oc-6e"/>
            <object_component_ref idref="oc-6c"/>
            <object_component_ref idref="oc-a9"/>
            <object_component_ref idref="oc-22"/>
            <object_component_ref idref="oc-18"/>
            <object_component_ref idref="oc-57"/>
            <object_component_ref idref="oc-db"/>
            <object_component_ref idref="oc-97"/>
            <object_component_ref idref="oc-d2"/>
         </contents>
      </logical_group>
      <logical_group id="lg-19e" display="never" color="cyan">
         <name>.debug_aranges</name>
         <load_address>0x0</load_address>
         <run_address>0x0</run_address>
         <size>0x180</size>
         <contents>
            <object_component_ref idref="oc-ae"/>
            <object_component_ref idref="oc-72"/>
            <object_component_ref idref="oc-6a"/>
            <object_component_ref idref="oc-a7"/>
            <object_component_ref idref="oc-1f"/>
            <object_component_ref idref="oc-1c"/>
            <object_component_ref idref="oc-5a"/>
            <object_component_ref idref="oc-39"/>
            <object_component_ref idref="oc-dd"/>
            <object_component_ref idref="oc-96"/>
            <object_component_ref idref="oc-ce"/>
         </contents>
      </logical_group>
      <logical_group id="lg-1a0" display="never" color="cyan">
         <name>.debug_pubnames</name>
         <load_address>0x0</load_address>
         <run_address>0x0</run_address>
         <size>0x265</size>
         <contents>
            <object_component_ref idref="oc-af"/>
            <object_component_ref idref="oc-b4"/>
            <object_component_ref idref="oc-71"/>
            <object_component_ref idref="oc-28"/>
            <object_component_ref idref="oc-6b"/>
            <object_component_ref idref="oc-10d"/>
            <object_component_ref idref="oc-a8"/>
            <object_component_ref idref="oc-21"/>
            <object_component_ref idref="oc-1b"/>
            <object_component_ref idref="oc-2b"/>
            <object_component_ref idref="oc-59"/>
            <object_component_ref idref="oc-3a"/>
            <object_component_ref idref="oc-de"/>
            <object_component_ref idref="oc-95"/>
            <object_component_ref idref="oc-d0"/>
         </contents>
      </logical_group>
      <logical_group id="lg-1ad" display="no" color="cyan">
         <name>Veneer$$CMSE</name>
         <run_address>0x0</run_address>
         <size>0x0</size>
         <contents>
         </contents>
      </logical_group>
      <load_segment id="lg-1b2" display="no" color="cyan">
         <name>SEGMENT_0</name>
         <load_address>0x0</load_address>
         <run_address>0x0</run_address>
         <size>0x740</size>
         <flags>0x5</flags>
         <contents>
            <logical_group_ref idref="lg-3"/>
            <logical_group_ref idref="lg-4"/>
            <logical_group_ref idref="lg-6"/>
         </contents>
      </load_segment>
      <load_segment id="lg-1b3" display="no" color="cyan">
         <name>SEGMENT_1</name>
         <run_address>0x20000000</run_address>
         <size>0x8</size>
         <flags>0x6</flags>
         <contents>
            <logical_group_ref idref="lg-e"/>
         </contents>
      </load_segment>
      <load_segment id="lg-1b4" display="no" color="cyan">
         <name>SEGMENT_2</name>
         <run_address>0x2000fe00</run_address>
         <size>0x200</size>
         <flags>0x6</flags>
         <contents>
            <logical_group_ref idref="lg-11"/>
         </contents>
      </load_segment>
   </logical_group_list>
   <placement_map>
      <memory_area display="yes" color="green">
         <name>MAIN</name>
         <page_id>0x0</page_id>
         <origin>0x0</origin>
         <length>0x40000</length>
         <used_space>0x740</used_space>
         <unused_space>0x3f8c0</unused_space>
         <attributes>RX</attributes>
         <usage_details>
            <allocated_space>
               <start_address>0x0</start_address>
               <size>0x0</size>
               <logical_group_ref idref="lg-9"/>
            </allocated_space>
            <allocated_space>
               <start_address>0x0</start_address>
               <size>0xe4</size>
               <logical_group_ref idref="lg-3"/>
            </allocated_space>
            <allocated_space>
               <start_address>0xe4</start_address>
               <size>0x63c</size>
               <logical_group_ref idref="lg-4"/>
            </allocated_space>
            <allocated_space>
               <start_address>0x720</start_address>
               <size>0x20</size>
               <logical_group_ref idref="lg-6"/>
            </allocated_space>
            <available_space>
               <start_address>0x740</start_address>
               <size>0x3f8c0</size>
            </available_space>
         </usage_details>
      </memory_area>
      <memory_area display="yes" color="green">
         <name>INFO</name>
         <page_id>0x0</page_id>
         <origin>0x200000</origin>
         <length>0x4000</length>
         <used_space>0x0</used_space>
         <unused_space>0x4000</unused_space>
         <attributes>RX</attributes>
         <usage_details>
         </usage_details>
      </memory_area>
      <memory_area display="yes" color="green">
         <name>SRAM_CODE</name>
         <page_id>0x0</page_id>
         <origin>0x1000000</origin>
         <length>0x10000</length>
         <used_space>0x208</used_space>
         <unused_space>0xfdf8</unused_space>
         <attributes>RWX</attributes>
         <usage_details>
            <allocated_space>
               <start_address>0x1000000</start_address>
               <size>0x0</size>
               <logical_group_ref idref="lg-17d"/>
            </allocated_space>
            <allocated_space>
               <start_address>0x1000000</start_address>
               <size>0x8</size>
               <logical_group_ref idref="lg-e"/>
            </allocated_space>
            <available_space>
               <start_address>0x1000008</start_address>
               <size>0xfdf8</size>
            </available_space>
            <allocated_space>
               <start_address>0x100fe00</start_address>
               <size>0x200</size>
               <logical_group_ref idref="lg-11"/>
            </allocated_space>
         </usage_details>
      </memory_area>
      <memory_area display="yes" color="green">
         <name>SRAM_DATA</name>
         <page_id>0x0</page_id>
         <origin>0x20000000</origin>
         <length>0x10000</length>
         <used_space>0x208</used_space>
         <unused_space>0xfdf8</unused_space>
         <attributes>RW</attributes>
         <usage_details>
            <allocated_space>
               <start_address>0x20000000</start_address>
               <size>0x0</size>
               <logical_group_ref idref="lg-17d"/>
            </allocated_space>
            <allocated_space>
               <start_address>0x20000000</start_address>
               <size>0x8</size>
               <logical_group_ref idref="lg-e"/>
            </allocated_space>
            <available_space>
               <start_address>0x20000008</start_address>
               <size>0xfdf8</size>
            </available_space>
            <allocated_space>
               <start_address>0x2000fe00</start_address>
               <size>0x200</size>
               <logical_group_ref idref="lg-11"/>
            </allocated_space>
         </usage_details>
      </memory_area>
   </placement_map>
   <cptbl_list>
      <cptbl>
         <name>__TI_cinit_table</name>
         <cprec>
            <name>.data</name>
            <load_address>0x720</load_address>
            <load_size>0xd</load_size>
            <run_address>0x20000000</run_address>
            <run_size>0x8</run_size>
            <compression>lzss</compression>
         </cprec>
      </cptbl>
   </cptbl_list>
   <handler_table>
      <handler_table_name>__TI_handler_table</handler_table_name>
      <handler>
         <index>0x0</index>
         <name>__TI_decompress_lzss</name>
      </handler>
      <handler>
         <index>0x1</index>
         <name>__TI_decompress_none</name>
      </handler>
   </handler_table>
   <symbol_table>
      <symbol id="sm-1">
         <name>WDTCTL_SYM</name>
         <value>0x4000480c</value>
      </symbol>
      <symbol id="sm-2">
         <name>__start___llvm_prf_cnts</name>
         <value>0x20000000</value>
      </symbol>
      <symbol id="sm-3">
         <name>__stop___llvm_prf_cnts</name>
         <value>0x20000000</value>
      </symbol>
      <symbol id="sm-4">
         <name>__TI_CINIT_Base</name>
         <value>0x738</value>
      </symbol>
      <symbol id="sm-5">
         <name>__TI_CINIT_Limit</name>
         <value>0x740</value>
      </symbol>
      <symbol id="sm-6">
         <name>__TI_Handler_Table_Base</name>
         <value>0x730</value>
      </symbol>
      <symbol id="sm-7">
         <name>__TI_Handler_Table_Limit</name>
         <value>0x738</value>
      </symbol>
      <symbol id="sm-8">
         <name>binit</name>
         <value>0xffffffff</value>
      </symbol>
      <symbol id="sm-9">
         <name>__binit__</name>
         <value>0xffffffff</value>
      </symbol>
      <symbol id="sm-a">
         <name>__STACK_SIZE</name>
         <value>0x200</value>
      </symbol>
      <symbol id="sm-b">
         <name>__STACK_END</name>
         <value>0x20010000</value>
      </symbol>
      <symbol id="sm-c">
         <name>__c_args__</name>
         <value>0xffffffff</value>
      </symbol>
      <symbol id="sm-d">
         <name>__TI_pprof_out_hndl</name>
         <value>0xffffffff</value>
      </symbol>
      <symbol id="sm-e">
         <name>__TI_prof_data_start</name>
         <value>0xffffffff</value>
      </symbol>
      <symbol id="sm-f">
         <name>__TI_prof_data_size</name>
         <value>0xffffffff</value>
      </symbol>
      <symbol id="sm-64">
         <name>startDAC</name>
         <value>0x419</value>
         <object_component_ref idref="oc-ac"/>
      </symbol>
      <symbol id="sm-65">
         <name>dataDAC</name>
         <value>0x451</value>
         <object_component_ref idref="oc-ac"/>
      </symbol>
      <symbol id="sm-7f">
         <name>TA0_0_IRQHandler</name>
         <value>0x553</value>
         <object_component_ref idref="oc-6d"/>
      </symbol>
      <symbol id="sm-80">
         <name>main</name>
         <value>0x4dd</value>
         <object_component_ref idref="oc-6d"/>
      </symbol>
      <symbol id="sm-81">
         <name>time</name>
         <value>0x20000000</value>
         <object_component_ref idref="oc-b2"/>
      </symbol>
      <symbol id="sm-96">
         <name>Reset_Handler</name>
         <value>0x70b</value>
         <object_component_ref idref="oc-67"/>
      </symbol>
      <symbol id="sm-97">
         <name>Default_Handler</name>
         <value>0x717</value>
         <object_component_ref idref="oc-67"/>
      </symbol>
      <symbol id="sm-98">
         <name>interruptVectors</name>
         <value>0x0</value>
         <object_component_ref idref="oc-26"/>
      </symbol>
      <symbol id="sm-e0">
         <name>SystemInit</name>
         <value>0x35d</value>
         <object_component_ref idref="oc-a5"/>
      </symbol>
      <symbol id="sm-e1">
         <name>SystemCoreClockUpdate</name>
         <value>0xe5</value>
         <object_component_ref idref="oc-a5"/>
      </symbol>
      <symbol id="sm-e2">
         <name>SystemCoreClock</name>
         <value>0x20000004</value>
         <object_component_ref idref="oc-10b"/>
      </symbol>
      <symbol id="sm-fa">
         <name>__TI_decompress_none</name>
         <value>0x6fd</value>
         <object_component_ref idref="oc-1d"/>
      </symbol>
      <symbol id="sm-11d">
         <name>__TI_decompress_lzss</name>
         <value>0x61d</value>
         <object_component_ref idref="oc-17"/>
      </symbol>
      <symbol id="sm-130">
         <name>__stack</name>
         <value>0x2000fe00</value>
         <object_component_ref idref="oc-29"/>
      </symbol>
      <symbol id="sm-131">
         <name>_c_int00_noargs</name>
         <value>0x6c9</value>
         <object_component_ref idref="oc-55"/>
      </symbol>
      <symbol id="sm-14c">
         <name>memcpy</name>
         <value>0x581</value>
         <object_component_ref idref="oc-37"/>
      </symbol>
      <symbol id="sm-14d">
         <name>__aeabi_memcpy</name>
         <value>0x581</value>
         <object_component_ref idref="oc-37"/>
      </symbol>
      <symbol id="sm-14e">
         <name>__aeabi_memcpy8</name>
         <value>0x581</value>
         <object_component_ref idref="oc-37"/>
      </symbol>
      <symbol id="sm-14f">
         <name>__aeabi_memcpy4</name>
         <value>0x581</value>
         <object_component_ref idref="oc-37"/>
      </symbol>
      <symbol id="sm-178">
         <name>__TI_auto_init_nobinit_nopinit</name>
         <value>0x685</value>
         <object_component_ref idref="oc-d9"/>
      </symbol>
      <symbol id="sm-182">
         <name>_system_pre_init</name>
         <value>0x719</value>
         <object_component_ref idref="oc-93"/>
      </symbol>
      <symbol id="sm-18e">
         <name>C$$EXIT</name>
         <value>0x71d</value>
         <object_component_ref idref="oc-cd"/>
      </symbol>
      <symbol id="sm-18f">
         <name>abort</name>
         <value>0x71d</value>
         <object_component_ref idref="oc-cd"/>
      </symbol>
      <symbol id="sm-192">
         <name>__TI_static_base__</name>
         <value>0x0</value>
      </symbol>
      <symbol id="sm-195">
         <name>__mpu_init</name>
         <value>0x0</value>
      </symbol>
      <symbol id="sm-196">
         <name>_system_post_cinit</name>
         <value>0x0</value>
      </symbol>
      <symbol id="sm-197">
         <name>NMI_Handler</name>
         <value>0x717</value>
      </symbol>
      <symbol id="sm-198">
         <name>HardFault_Handler</name>
         <value>0x717</value>
      </symbol>
      <symbol id="sm-199">
         <name>MemManage_Handler</name>
         <value>0x717</value>
      </symbol>
      <symbol id="sm-19a">
         <name>BusFault_Handler</name>
         <value>0x717</value>
      </symbol>
      <symbol id="sm-19b">
         <name>UsageFault_Handler</name>
         <value>0x717</value>
      </symbol>
      <symbol id="sm-19c">
         <name>SVC_Handler</name>
         <value>0x717</value>
      </symbol>
      <symbol id="sm-19d">
         <name>DebugMon_Handler</name>
         <value>0x717</value>
      </symbol>
      <symbol id="sm-19e">
         <name>PendSV_Handler</name>
         <value>0x717</value>
      </symbol>
      <symbol id="sm-19f">
         <name>SysTick_Handler</name>
         <value>0x717</value>
      </symbol>
      <symbol id="sm-1a0">
         <name>PSS_IRQHandler</name>
         <value>0x717</value>
      </symbol>
      <symbol id="sm-1a1">
         <name>CS_IRQHandler</name>
         <value>0x717</value>
      </symbol>
      <symbol id="sm-1a2">
         <name>PCM_IRQHandler</name>
         <value>0x717</value>
      </symbol>
      <symbol id="sm-1a3">
         <name>WDT_A_IRQHandler</name>
         <value>0x717</value>
      </symbol>
      <symbol id="sm-1a4">
         <name>FPU_IRQHandler</name>
         <value>0x717</value>
      </symbol>
      <symbol id="sm-1a5">
         <name>FLCTL_IRQHandler</name>
         <value>0x717</value>
      </symbol>
      <symbol id="sm-1a6">
         <name>COMP_E0_IRQHandler</name>
         <value>0x717</value>
      </symbol>
      <symbol id="sm-1a7">
         <name>COMP_E1_IRQHandler</name>
         <value>0x717</value>
      </symbol>
      <symbol id="sm-1a8">
         <name>TA0_0_IRQHandler</name>
         <value>0x553</value>
      </symbol>
      <symbol id="sm-1a9">
         <name>TA0_N_IRQHandler</name>
         <value>0x717</value>
      </symbol>
      <symbol id="sm-1aa">
         <name>TA1_0_IRQHandler</name>
         <value>0x717</value>
      </symbol>
      <symbol id="sm-1ab">
         <name>TA1_N_IRQHandler</name>
         <value>0x717</value>
      </symbol>
      <symbol id="sm-1ac">
         <name>TA2_0_IRQHandler</name>
         <value>0x717</value>
      </symbol>
      <symbol id="sm-1ad">
         <name>TA2_N_IRQHandler</name>
         <value>0x717</value>
      </symbol>
      <symbol id="sm-1ae">
         <name>TA3_0_IRQHandler</name>
         <value>0x717</value>
      </symbol>
      <symbol id="sm-1af">
         <name>TA3_N_IRQHandler</name>
         <value>0x717</value>
      </symbol>
      <symbol id="sm-1b0">
         <name>EUSCIA0_IRQHandler</name>
         <value>0x717</value>
      </symbol>
      <symbol id="sm-1b1">
         <name>EUSCIA1_IRQHandler</name>
         <value>0x717</value>
      </symbol>
      <symbol id="sm-1b2">
         <name>EUSCIA2_IRQHandler</name>
         <value>0x717</value>
      </symbol>
      <symbol id="sm-1b3">
         <name>EUSCIA3_IRQHandler</name>
         <value>0x717</value>
      </symbol>
      <symbol id="sm-1b4">
         <name>EUSCIB0_IRQHandler</name>
         <value>0x717</value>
      </symbol>
      <symbol id="sm-1b5">
         <name>EUSCIB1_IRQHandler</name>
         <value>0x717</value>
      </symbol>
      <symbol id="sm-1b6">
         <name>EUSCIB2_IRQHandler</name>
         <value>0x717</value>
      </symbol>
      <symbol id="sm-1b7">
         <name>EUSCIB3_IRQHandler</name>
         <value>0x717</value>
      </symbol>
      <symbol id="sm-1b8">
         <name>ADC14_IRQHandler</name>
         <value>0x717</value>
      </symbol>
      <symbol id="sm-1b9">
         <name>T32_INT1_IRQHandler</name>
         <value>0x717</value>
      </symbol>
      <symbol id="sm-1ba">
         <name>T32_INT2_IRQHandler</name>
         <value>0x717</value>
      </symbol>
      <symbol id="sm-1bb">
         <name>T32_INTC_IRQHandler</name>
         <value>0x717</value>
      </symbol>
      <symbol id="sm-1bc">
         <name>AES256_IRQHandler</name>
         <value>0x717</value>
      </symbol>
      <symbol id="sm-1bd">
         <name>RTC_C_IRQHandler</name>
         <value>0x717</value>
      </symbol>
      <symbol id="sm-1be">
         <name>DMA_ERR_IRQHandler</name>
         <value>0x717</value>
      </symbol>
      <symbol id="sm-1bf">
         <name>DMA_INT3_IRQHandler</name>
         <value>0x717</value>
      </symbol>
      <symbol id="sm-1c0">
         <name>DMA_INT2_IRQHandler</name>
         <value>0x717</value>
      </symbol>
      <symbol id="sm-1c1">
         <name>DMA_INT1_IRQHandler</name>
         <value>0x717</value>
      </symbol>
      <symbol id="sm-1c2">
         <name>DMA_INT0_IRQHandler</name>
         <value>0x717</value>
      </symbol>
      <symbol id="sm-1c3">
         <name>PORT1_IRQHandler</name>
         <value>0x717</value>
      </symbol>
      <symbol id="sm-1c4">
         <name>PORT2_IRQHandler</name>
         <value>0x717</value>
      </symbol>
      <symbol id="sm-1c5">
         <name>PORT3_IRQHandler</name>
         <value>0x717</value>
      </symbol>
      <symbol id="sm-1c6">
         <name>PORT4_IRQHandler</name>
         <value>0x717</value>
      </symbol>
      <symbol id="sm-1c7">
         <name>PORT5_IRQHandler</name>
         <value>0x717</value>
      </symbol>
      <symbol id="sm-1c8">
         <name>PORT6_IRQHandler</name>
         <value>0x717</value>
      </symbol>
   </symbol_table>
   <title>Link successful</title>
</link_info>
