<?xml version="1.0" encoding="ISO-8859-1" ?>
<link_info>
   <banner>TI ARM Linker PC v20.2.0.LTS</banner>
   <copyright>Copyright (c) 1996-2018 Texas Instruments Incorporated</copyright>
   <link_time>0x5ecdf5e8</link_time>
   <link_errors>0x0</link_errors>
   <output_file>A10.out</output_file>
   <entry_point>
      <name>_c_int00_noargs</name>
      <address>0x7a9</address>
   </entry_point>
   <input_file_list>
      <input_file id="fl-2">
         <path>.\</path>
         <kind>object</kind>
         <file>EEPROM.obj</file>
         <name>EEPROM.obj</name>
      </input_file>
      <input_file id="fl-3">
         <path>.\</path>
         <kind>object</kind>
         <file>main.obj</file>
         <name>main.obj</name>
      </input_file>
      <input_file id="fl-4">
         <path>.\</path>
         <kind>object</kind>
         <file>startup_msp432p401r_ccs.obj</file>
         <name>startup_msp432p401r_ccs.obj</name>
      </input_file>
      <input_file id="fl-5">
         <path>.\</path>
         <kind>object</kind>
         <file>system_msp432p401r.obj</file>
         <name>system_msp432p401r.obj</name>
      </input_file>
      <input_file id="fl-9">
         <kind>object</kind>
         <file>&lt;internal&gt;</file>
         <name>&lt;internal&gt;</name>
      </input_file>
      <input_file id="fl-bf">
         <path>C:\ti\ccs\ccs\tools\compiler\ti-cgt-arm_20.2.0.LTS\lib\</path>
         <kind>archive</kind>
         <file>rtsv7M4_T_le_v4SPD16_eabi.lib</file>
         <name>copy_zero_init.c.obj</name>
      </input_file>
      <input_file id="fl-c0">
         <path>C:\ti\ccs\ccs\tools\compiler\ti-cgt-arm_20.2.0.LTS\lib\</path>
         <kind>archive</kind>
         <file>rtsv7M4_T_le_v4SPD16_eabi.lib</file>
         <name>copy_decompress_none.c.obj</name>
      </input_file>
      <input_file id="fl-c1">
         <path>C:\ti\ccs\ccs\tools\compiler\ti-cgt-arm_20.2.0.LTS\lib\</path>
         <kind>archive</kind>
         <file>rtsv7M4_T_le_v4SPD16_eabi.lib</file>
         <name>copy_decompress_lzss.c.obj</name>
      </input_file>
      <input_file id="fl-c2">
         <path>C:\ti\ccs\ccs\tools\compiler\ti-cgt-arm_20.2.0.LTS\lib\</path>
         <kind>archive</kind>
         <file>rtsv7M4_T_le_v4SPD16_eabi.lib</file>
         <name>boot_cortex_m.c.obj</name>
      </input_file>
      <input_file id="fl-c3">
         <path>C:\ti\ccs\ccs\tools\compiler\ti-cgt-arm_20.2.0.LTS\lib\</path>
         <kind>archive</kind>
         <file>rtsv7M4_T_le_v4SPD16_eabi.lib</file>
         <name>memcpy_t2.asm.obj</name>
      </input_file>
      <input_file id="fl-c4">
         <path>C:\ti\ccs\ccs\tools\compiler\ti-cgt-arm_20.2.0.LTS\lib\</path>
         <kind>archive</kind>
         <file>rtsv7M4_T_le_v4SPD16_eabi.lib</file>
         <name>memset_t2.asm.obj</name>
      </input_file>
      <input_file id="fl-c5">
         <path>C:\ti\ccs\ccs\tools\compiler\ti-cgt-arm_20.2.0.LTS\lib\</path>
         <kind>archive</kind>
         <file>rtsv7M4_T_le_v4SPD16_eabi.lib</file>
         <name>autoinit.c.obj</name>
      </input_file>
      <input_file id="fl-c6">
         <path>C:\ti\ccs\ccs\tools\compiler\ti-cgt-arm_20.2.0.LTS\lib\</path>
         <kind>archive</kind>
         <file>rtsv7M4_T_le_v4SPD16_eabi.lib</file>
         <name>pre_init.c.obj</name>
      </input_file>
      <input_file id="fl-c7">
         <path>C:\ti\ccs\ccs\tools\compiler\ti-cgt-arm_20.2.0.LTS\lib\</path>
         <kind>archive</kind>
         <file>rtsv7M4_T_le_v4SPD16_eabi.lib</file>
         <name>cpy_tbl.c.obj</name>
      </input_file>
      <input_file id="fl-c8">
         <path>C:\ti\ccs\ccs\tools\compiler\ti-cgt-arm_20.2.0.LTS\lib\</path>
         <kind>archive</kind>
         <file>rtsv7M4_T_le_v4SPD16_eabi.lib</file>
         <name>exit.c.obj</name>
      </input_file>
      <input_file id="fl-c9">
         <path>C:\ti\ccs\ccs\tools\compiler\ti-cgt-arm_20.2.0.LTS\lib\</path>
         <kind>archive</kind>
         <file>rtsv7M4_T_le_v4SPD16_eabi.lib</file>
         <name>_lock.c.obj</name>
      </input_file>
      <input_file id="fl-ca">
         <path>C:\ti\ccs\ccs\tools\compiler\ti-cgt-arm_20.2.0.LTS\lib\</path>
         <kind>archive</kind>
         <file>rtsv7M4_T_le_v4SPD16_eabi.lib</file>
         <name>args_main.c.obj</name>
      </input_file>
   </input_file_list>
   <object_component_list>
      <object_component id="oc-26">
         <name>.intvecs:retain</name>
         <load_address>0x0</load_address>
         <run_address>0x0</run_address>
         <size>0xe4</size>
         <input_file_ref idref="fl-4"/>
      </object_component>
      <object_component id="oc-a5">
         <name>.text</name>
         <load_address>0xe4</load_address>
         <run_address>0xe4</run_address>
         <size>0x334</size>
         <input_file_ref idref="fl-5"/>
      </object_component>
      <object_component id="oc-6d">
         <name>.text</name>
         <load_address>0x418</load_address>
         <run_address>0x418</run_address>
         <size>0x1dc</size>
         <input_file_ref idref="fl-3"/>
      </object_component>
      <object_component id="oc-37">
         <name>.text</name>
         <load_address>0x5f4</load_address>
         <run_address>0x5f4</run_address>
         <size>0x9c</size>
         <input_file_ref idref="fl-c3"/>
      </object_component>
      <object_component id="oc-ac">
         <name>.text</name>
         <load_address>0x690</load_address>
         <run_address>0x690</run_address>
         <size>0x6c</size>
         <input_file_ref idref="fl-2"/>
      </object_component>
      <object_component id="oc-17">
         <name>.text:decompress:lzss:__TI_decompress_lzss</name>
         <load_address>0x6fc</load_address>
         <run_address>0x6fc</run_address>
         <size>0x68</size>
         <input_file_ref idref="fl-c1"/>
      </object_component>
      <object_component id="oc-de">
         <name>.text:__TI_auto_init_nobinit_nopinit:__TI_auto_init_nobinit_nopinit</name>
         <load_address>0x764</load_address>
         <run_address>0x764</run_address>
         <size>0x44</size>
         <input_file_ref idref="fl-c5"/>
      </object_component>
      <object_component id="oc-55">
         <name>.text:_c_int00_noargs:_c_int00_noargs</name>
         <load_address>0x7a8</load_address>
         <run_address>0x7a8</run_address>
         <size>0x34</size>
         <input_file_ref idref="fl-c2"/>
      </object_component>
      <object_component id="oc-1d">
         <name>.text:decompress:none:__TI_decompress_none</name>
         <load_address>0x7dc</load_address>
         <run_address>0x7dc</run_address>
         <size>0xe</size>
         <input_file_ref idref="fl-c0"/>
      </object_component>
      <object_component id="oc-67">
         <name>.text</name>
         <load_address>0x7ea</load_address>
         <run_address>0x7ea</run_address>
         <size>0xe</size>
         <input_file_ref idref="fl-4"/>
      </object_component>
      <object_component id="oc-93">
         <name>.text:_system_pre_init</name>
         <load_address>0x7f8</load_address>
         <run_address>0x7f8</run_address>
         <size>0x4</size>
         <input_file_ref idref="fl-c6"/>
      </object_component>
      <object_component id="oc-d2">
         <name>.text:abort:abort</name>
         <load_address>0x7fc</load_address>
         <run_address>0x7fc</run_address>
         <size>0x4</size>
         <input_file_ref idref="fl-c8"/>
      </object_component>
      <object_component id="oc-1ac">
         <name>.cinit..data.load</name>
         <load_address>0x800</load_address>
         <run_address>0x800</run_address>
         <size>0xa</size>
      </object_component>
      <object_component id="oc-1aa">
         <name>__TI_handler_table</name>
         <load_address>0x80c</load_address>
         <run_address>0x80c</run_address>
         <size>0x8</size>
      </object_component>
      <object_component id="oc-1ab">
         <name>__TI_cinit_table</name>
         <load_address>0x814</load_address>
         <run_address>0x814</run_address>
         <size>0x8</size>
      </object_component>
      <object_component id="oc-17e">
         <name>.binit</name>
         <load_address>0x0</load_address>
         <run_address>0x0</run_address>
         <size>0x0</size>
      </object_component>
      <object_component id="oc-b2">
         <name>.data</name>
         <load_address>0x20000004</load_address>
         <run_address>0x20000004</run_address>
         <size>0x2</size>
         <input_file_ref idref="fl-3"/>
      </object_component>
      <object_component id="oc-110">
         <name>.data</name>
         <load_address>0x20000000</load_address>
         <run_address>0x20000000</run_address>
         <size>0x4</size>
         <input_file_ref idref="fl-5"/>
      </object_component>
      <object_component id="oc-29">
         <name>.stack</name>
         <uninitialized>true</uninitialized>
         <run_address>0x2000fe00</run_address>
         <size>0x4</size>
         <input_file_ref idref="fl-c2"/>
      </object_component>
      <object_component id="oc-1ae">
         <name>.stack</name>
         <uninitialized>true</uninitialized>
         <run_address>0x2000fe00</run_address>
         <size>0x0</size>
      </object_component>
      <object_component id="oc-11c">
         <name>.debug_info</name>
         <load_address>0x0</load_address>
         <run_address>0x0</run_address>
         <size>0x51b</size>
         <input_file_ref idref="fl-2"/>
      </object_component>
      <object_component id="oc-ad">
         <name>.debug_info</name>
         <load_address>0x51b</load_address>
         <run_address>0x51b</run_address>
         <size>0x13d</size>
         <input_file_ref idref="fl-2"/>
      </object_component>
      <object_component id="oc-141">
         <name>.debug_info</name>
         <load_address>0x658</load_address>
         <run_address>0x658</run_address>
         <size>0x37e2</size>
         <input_file_ref idref="fl-2"/>
      </object_component>
      <object_component id="oc-146">
         <name>.debug_info</name>
         <load_address>0x3e3a</load_address>
         <run_address>0x3e3a</run_address>
         <size>0x1055</size>
         <input_file_ref idref="fl-2"/>
      </object_component>
      <object_component id="oc-bd">
         <name>.debug_info</name>
         <load_address>0x4e8f</load_address>
         <run_address>0x4e8f</run_address>
         <size>0x26b</size>
         <input_file_ref idref="fl-2"/>
      </object_component>
      <object_component id="oc-32">
         <name>.debug_info</name>
         <load_address>0x50fa</load_address>
         <run_address>0x50fa</run_address>
         <size>0x84</size>
         <input_file_ref idref="fl-2"/>
      </object_component>
      <object_component id="oc-117">
         <name>.debug_info</name>
         <load_address>0x517e</load_address>
         <run_address>0x517e</run_address>
         <size>0x2a4</size>
         <input_file_ref idref="fl-2"/>
      </object_component>
      <object_component id="oc-b6">
         <name>.debug_info</name>
         <load_address>0x5422</load_address>
         <run_address>0x5422</run_address>
         <size>0xbb</size>
         <input_file_ref idref="fl-2"/>
      </object_component>
      <object_component id="oc-b3">
         <name>.debug_info</name>
         <load_address>0x54dd</load_address>
         <run_address>0x54dd</run_address>
         <size>0xca</size>
         <input_file_ref idref="fl-3"/>
      </object_component>
      <object_component id="oc-6e">
         <name>.debug_info</name>
         <load_address>0x55a7</load_address>
         <run_address>0x55a7</run_address>
         <size>0x33f</size>
         <input_file_ref idref="fl-3"/>
      </object_component>
      <object_component id="oc-75">
         <name>.debug_info</name>
         <load_address>0x58e6</load_address>
         <run_address>0x58e6</run_address>
         <size>0x2b9</size>
         <input_file_ref idref="fl-4"/>
      </object_component>
      <object_component id="oc-27">
         <name>.debug_info</name>
         <load_address>0x5b9f</load_address>
         <run_address>0x5b9f</run_address>
         <size>0xe5</size>
         <input_file_ref idref="fl-4"/>
      </object_component>
      <object_component id="oc-68">
         <name>.debug_info</name>
         <load_address>0x5c84</load_address>
         <run_address>0x5c84</run_address>
         <size>0x1ac</size>
         <input_file_ref idref="fl-4"/>
      </object_component>
      <object_component id="oc-111">
         <name>.debug_info</name>
         <load_address>0x5e30</load_address>
         <run_address>0x5e30</run_address>
         <size>0xde</size>
         <input_file_ref idref="fl-5"/>
      </object_component>
      <object_component id="oc-a6">
         <name>.debug_info</name>
         <load_address>0x5f0e</load_address>
         <run_address>0x5f0e</run_address>
         <size>0x250</size>
         <input_file_ref idref="fl-5"/>
      </object_component>
      <object_component id="oc-42">
         <name>.debug_info</name>
         <load_address>0x615e</load_address>
         <run_address>0x615e</run_address>
         <size>0x2a8</size>
         <input_file_ref idref="fl-c0"/>
      </object_component>
      <object_component id="oc-21">
         <name>.debug_info</name>
         <load_address>0x6406</load_address>
         <run_address>0x6406</run_address>
         <size>0x1ea</size>
         <input_file_ref idref="fl-c0"/>
      </object_component>
      <object_component id="oc-3d">
         <name>.debug_info</name>
         <load_address>0x65f0</load_address>
         <run_address>0x65f0</run_address>
         <size>0x46</size>
         <input_file_ref idref="fl-c0"/>
      </object_component>
      <object_component id="oc-7f">
         <name>.debug_info</name>
         <load_address>0x6636</load_address>
         <run_address>0x6636</run_address>
         <size>0x2c</size>
         <input_file_ref idref="fl-c0"/>
      </object_component>
      <object_component id="oc-7d">
         <name>.debug_info</name>
         <load_address>0x6662</load_address>
         <run_address>0x6662</run_address>
         <size>0x29e</size>
         <input_file_ref idref="fl-c1"/>
      </object_component>
      <object_component id="oc-1a">
         <name>.debug_info</name>
         <load_address>0x6900</load_address>
         <run_address>0x6900</run_address>
         <size>0x250</size>
         <input_file_ref idref="fl-c1"/>
      </object_component>
      <object_component id="oc-2d">
         <name>.debug_info</name>
         <load_address>0x6b50</load_address>
         <run_address>0x6b50</run_address>
         <size>0x60</size>
         <input_file_ref idref="fl-c1"/>
      </object_component>
      <object_component id="oc-c2">
         <name>.debug_info</name>
         <load_address>0x6bb0</load_address>
         <run_address>0x6bb0</run_address>
         <size>0x46</size>
         <input_file_ref idref="fl-c1"/>
      </object_component>
      <object_component id="oc-78">
         <name>.debug_info</name>
         <load_address>0x6bf6</load_address>
         <run_address>0x6bf6</run_address>
         <size>0x39</size>
         <input_file_ref idref="fl-c1"/>
      </object_component>
      <object_component id="oc-2a">
         <name>.debug_info</name>
         <load_address>0x6c2f</load_address>
         <run_address>0x6c2f</run_address>
         <size>0x10b</size>
         <input_file_ref idref="fl-c2"/>
      </object_component>
      <object_component id="oc-56">
         <name>.debug_info</name>
         <load_address>0x6d3a</load_address>
         <run_address>0x6d3a</run_address>
         <size>0x1a9</size>
         <input_file_ref idref="fl-c2"/>
      </object_component>
      <object_component id="oc-3a">
         <name>.debug_info</name>
         <load_address>0x6ee3</load_address>
         <run_address>0x6ee3</run_address>
         <size>0x119</size>
         <input_file_ref idref="fl-c3"/>
      </object_component>
      <object_component id="oc-128">
         <name>.debug_info</name>
         <load_address>0x6ffc</load_address>
         <run_address>0x6ffc</run_address>
         <size>0x4b3</size>
         <input_file_ref idref="fl-c5"/>
      </object_component>
      <object_component id="oc-e2">
         <name>.debug_info</name>
         <load_address>0x74af</load_address>
         <run_address>0x74af</run_address>
         <size>0x1a6</size>
         <input_file_ref idref="fl-c5"/>
      </object_component>
      <object_component id="oc-15b">
         <name>.debug_info</name>
         <load_address>0x7655</load_address>
         <run_address>0x7655</run_address>
         <size>0x39</size>
         <input_file_ref idref="fl-c5"/>
      </object_component>
      <object_component id="oc-16f">
         <name>.debug_info</name>
         <load_address>0x768e</load_address>
         <run_address>0x768e</run_address>
         <size>0x39</size>
         <input_file_ref idref="fl-c5"/>
      </object_component>
      <object_component id="oc-160">
         <name>.debug_info</name>
         <load_address>0x76c7</load_address>
         <run_address>0x76c7</run_address>
         <size>0x39</size>
         <input_file_ref idref="fl-c5"/>
      </object_component>
      <object_component id="oc-165">
         <name>.debug_info</name>
         <load_address>0x7700</load_address>
         <run_address>0x7700</run_address>
         <size>0xcd</size>
         <input_file_ref idref="fl-c5"/>
      </object_component>
      <object_component id="oc-95">
         <name>.debug_info</name>
         <load_address>0x77cd</load_address>
         <run_address>0x77cd</run_address>
         <size>0x153</size>
         <input_file_ref idref="fl-c6"/>
      </object_component>
      <object_component id="oc-d4">
         <name>.debug_info</name>
         <load_address>0x7920</load_address>
         <run_address>0x7920</run_address>
         <size>0x122</size>
         <input_file_ref idref="fl-c8"/>
      </object_component>
      <object_component id="oc-1af">
         <name>.debug_info</name>
         <load_address>0x7a42</load_address>
         <run_address>0x7a42</run_address>
         <size>0x91</size>
      </object_component>
      <object_component id="oc-140">
         <name>.debug_line</name>
         <load_address>0x0</load_address>
         <run_address>0x0</run_address>
         <size>0x20</size>
         <input_file_ref idref="fl-2"/>
      </object_component>
      <object_component id="oc-b1">
         <name>.debug_line</name>
         <load_address>0x20</load_address>
         <run_address>0x20</run_address>
         <size>0x4b</size>
         <input_file_ref idref="fl-2"/>
      </object_component>
      <object_component id="oc-144">
         <name>.debug_line</name>
         <load_address>0x6b</load_address>
         <run_address>0x6b</run_address>
         <size>0x54</size>
         <input_file_ref idref="fl-2"/>
      </object_component>
      <object_component id="oc-149">
         <name>.debug_line</name>
         <load_address>0xbf</load_address>
         <run_address>0xbf</run_address>
         <size>0x57</size>
         <input_file_ref idref="fl-2"/>
      </object_component>
      <object_component id="oc-c0">
         <name>.debug_line</name>
         <load_address>0x116</load_address>
         <run_address>0x116</run_address>
         <size>0x6b</size>
         <input_file_ref idref="fl-2"/>
      </object_component>
      <object_component id="oc-35">
         <name>.debug_line</name>
         <load_address>0x181</load_address>
         <run_address>0x181</run_address>
         <size>0x20</size>
         <input_file_ref idref="fl-2"/>
      </object_component>
      <object_component id="oc-11a">
         <name>.debug_line</name>
         <load_address>0x1a1</load_address>
         <run_address>0x1a1</run_address>
         <size>0x6f</size>
         <input_file_ref idref="fl-2"/>
      </object_component>
      <object_component id="oc-b9">
         <name>.debug_line</name>
         <load_address>0x210</load_address>
         <run_address>0x210</run_address>
         <size>0x6c</size>
         <input_file_ref idref="fl-2"/>
      </object_component>
      <object_component id="oc-116">
         <name>.debug_line</name>
         <load_address>0x27c</load_address>
         <run_address>0x27c</run_address>
         <size>0x2d</size>
         <input_file_ref idref="fl-3"/>
      </object_component>
      <object_component id="oc-71">
         <name>.debug_line</name>
         <load_address>0x2a9</load_address>
         <run_address>0x2a9</run_address>
         <size>0xf0</size>
         <input_file_ref idref="fl-3"/>
      </object_component>
      <object_component id="oc-bc">
         <name>.debug_line</name>
         <load_address>0x399</load_address>
         <run_address>0x399</run_address>
         <size>0x40</size>
         <input_file_ref idref="fl-4"/>
      </object_component>
      <object_component id="oc-74">
         <name>.debug_line</name>
         <load_address>0x3d9</load_address>
         <run_address>0x3d9</run_address>
         <size>0x40</size>
         <input_file_ref idref="fl-4"/>
      </object_component>
      <object_component id="oc-6c">
         <name>.debug_line</name>
         <load_address>0x419</load_address>
         <run_address>0x419</run_address>
         <size>0x71</size>
         <input_file_ref idref="fl-4"/>
      </object_component>
      <object_component id="oc-13e">
         <name>.debug_line</name>
         <load_address>0x48a</load_address>
         <run_address>0x48a</run_address>
         <size>0x3b</size>
         <input_file_ref idref="fl-5"/>
      </object_component>
      <object_component id="oc-aa">
         <name>.debug_line</name>
         <load_address>0x4c5</load_address>
         <run_address>0x4c5</run_address>
         <size>0x134</size>
         <input_file_ref idref="fl-5"/>
      </object_component>
      <object_component id="oc-85">
         <name>.debug_line</name>
         <load_address>0x5f9</load_address>
         <run_address>0x5f9</run_address>
         <size>0x20</size>
         <input_file_ref idref="fl-c0"/>
      </object_component>
      <object_component id="oc-1f">
         <name>.debug_line</name>
         <load_address>0x619</load_address>
         <run_address>0x619</run_address>
         <size>0x55</size>
         <input_file_ref idref="fl-c0"/>
      </object_component>
      <object_component id="oc-40">
         <name>.debug_line</name>
         <load_address>0x66e</load_address>
         <run_address>0x66e</run_address>
         <size>0x3a</size>
         <input_file_ref idref="fl-c0"/>
      </object_component>
      <object_component id="oc-82">
         <name>.debug_line</name>
         <load_address>0x6a8</load_address>
         <run_address>0x6a8</run_address>
         <size>0x92</size>
         <input_file_ref idref="fl-c0"/>
      </object_component>
      <object_component id="oc-c8">
         <name>.debug_line</name>
         <load_address>0x73a</load_address>
         <run_address>0x73a</run_address>
         <size>0x20</size>
         <input_file_ref idref="fl-c1"/>
      </object_component>
      <object_component id="oc-1c">
         <name>.debug_line</name>
         <load_address>0x75a</load_address>
         <run_address>0x75a</run_address>
         <size>0xa9</size>
         <input_file_ref idref="fl-c1"/>
      </object_component>
      <object_component id="oc-30">
         <name>.debug_line</name>
         <load_address>0x803</load_address>
         <run_address>0x803</run_address>
         <size>0x3a</size>
         <input_file_ref idref="fl-c1"/>
      </object_component>
      <object_component id="oc-c5">
         <name>.debug_line</name>
         <load_address>0x83d</load_address>
         <run_address>0x83d</run_address>
         <size>0x9a</size>
         <input_file_ref idref="fl-c1"/>
      </object_component>
      <object_component id="oc-7b">
         <name>.debug_line</name>
         <load_address>0x8d7</load_address>
         <run_address>0x8d7</run_address>
         <size>0x96</size>
         <input_file_ref idref="fl-c1"/>
      </object_component>
      <object_component id="oc-77">
         <name>.debug_line</name>
         <load_address>0x96d</load_address>
         <run_address>0x96d</run_address>
         <size>0x33</size>
         <input_file_ref idref="fl-c2"/>
      </object_component>
      <object_component id="oc-59">
         <name>.debug_line</name>
         <load_address>0x9a0</load_address>
         <run_address>0x9a0</run_address>
         <size>0x45</size>
         <input_file_ref idref="fl-c2"/>
      </object_component>
      <object_component id="oc-38">
         <name>.debug_line</name>
         <load_address>0x9e5</load_address>
         <run_address>0x9e5</run_address>
         <size>0x88</size>
         <input_file_ref idref="fl-c3"/>
      </object_component>
      <object_component id="oc-15a">
         <name>.debug_line</name>
         <load_address>0xa6d</load_address>
         <run_address>0xa6d</run_address>
         <size>0xbf</size>
         <input_file_ref idref="fl-c5"/>
      </object_component>
      <object_component id="oc-e0">
         <name>.debug_line</name>
         <load_address>0xb2c</load_address>
         <run_address>0xb2c</run_address>
         <size>0x6f</size>
         <input_file_ref idref="fl-c5"/>
      </object_component>
      <object_component id="oc-15e">
         <name>.debug_line</name>
         <load_address>0xb9b</load_address>
         <run_address>0xb9b</run_address>
         <size>0x2e</size>
         <input_file_ref idref="fl-c5"/>
      </object_component>
      <object_component id="oc-172">
         <name>.debug_line</name>
         <load_address>0xbc9</load_address>
         <run_address>0xbc9</run_address>
         <size>0x9a</size>
         <input_file_ref idref="fl-c5"/>
      </object_component>
      <object_component id="oc-163">
         <name>.debug_line</name>
         <load_address>0xc63</load_address>
         <run_address>0xc63</run_address>
         <size>0x97</size>
         <input_file_ref idref="fl-c5"/>
      </object_component>
      <object_component id="oc-168">
         <name>.debug_line</name>
         <load_address>0xcfa</load_address>
         <run_address>0xcfa</run_address>
         <size>0x93</size>
         <input_file_ref idref="fl-c5"/>
      </object_component>
      <object_component id="oc-94">
         <name>.debug_line</name>
         <load_address>0xd8d</load_address>
         <run_address>0xd8d</run_address>
         <size>0x40</size>
         <input_file_ref idref="fl-c6"/>
      </object_component>
      <object_component id="oc-d3">
         <name>.debug_line</name>
         <load_address>0xdcd</load_address>
         <run_address>0xdcd</run_address>
         <size>0x3c</size>
         <input_file_ref idref="fl-c8"/>
      </object_component>
      <object_component id="oc-b0">
         <name>.debug_frame</name>
         <load_address>0x0</load_address>
         <run_address>0x0</run_address>
         <size>0x58</size>
         <input_file_ref idref="fl-2"/>
      </object_component>
      <object_component id="oc-72">
         <name>.debug_frame</name>
         <load_address>0x58</load_address>
         <run_address>0x58</run_address>
         <size>0x9c</size>
         <input_file_ref idref="fl-3"/>
      </object_component>
      <object_component id="oc-6b">
         <name>.debug_frame</name>
         <load_address>0xf4</load_address>
         <run_address>0xf4</run_address>
         <size>0x6c</size>
         <input_file_ref idref="fl-4"/>
      </object_component>
      <object_component id="oc-a9">
         <name>.debug_frame</name>
         <load_address>0x160</load_address>
         <run_address>0x160</run_address>
         <size>0x70</size>
         <input_file_ref idref="fl-5"/>
      </object_component>
      <object_component id="oc-1e">
         <name>.debug_frame</name>
         <load_address>0x1d0</load_address>
         <run_address>0x1d0</run_address>
         <size>0x54</size>
         <input_file_ref idref="fl-c0"/>
      </object_component>
      <object_component id="oc-19">
         <name>.debug_frame</name>
         <load_address>0x224</load_address>
         <run_address>0x224</run_address>
         <size>0x60</size>
         <input_file_ref idref="fl-c1"/>
      </object_component>
      <object_component id="oc-5a">
         <name>.debug_frame</name>
         <load_address>0x284</load_address>
         <run_address>0x284</run_address>
         <size>0x50</size>
         <input_file_ref idref="fl-c2"/>
      </object_component>
      <object_component id="oc-e1">
         <name>.debug_frame</name>
         <load_address>0x2d4</load_address>
         <run_address>0x2d4</run_address>
         <size>0x5c</size>
         <input_file_ref idref="fl-c5"/>
      </object_component>
      <object_component id="oc-98">
         <name>.debug_frame</name>
         <load_address>0x330</load_address>
         <run_address>0x330</run_address>
         <size>0x54</size>
         <input_file_ref idref="fl-c6"/>
      </object_component>
      <object_component id="oc-d7">
         <name>.debug_frame</name>
         <load_address>0x384</load_address>
         <run_address>0x384</run_address>
         <size>0x54</size>
         <input_file_ref idref="fl-c8"/>
      </object_component>
      <object_component id="oc-13f">
         <name>.debug_abbrev</name>
         <load_address>0x0</load_address>
         <run_address>0x0</run_address>
         <size>0x71</size>
         <input_file_ref idref="fl-2"/>
      </object_component>
      <object_component id="oc-114">
         <name>.debug_abbrev</name>
         <load_address>0x71</load_address>
         <run_address>0x71</run_address>
         <size>0x6c</size>
         <input_file_ref idref="fl-2"/>
      </object_component>
      <object_component id="oc-143">
         <name>.debug_abbrev</name>
         <load_address>0xdd</load_address>
         <run_address>0xdd</run_address>
         <size>0xbd</size>
         <input_file_ref idref="fl-2"/>
      </object_component>
      <object_component id="oc-148">
         <name>.debug_abbrev</name>
         <load_address>0x19a</load_address>
         <run_address>0x19a</run_address>
         <size>0x97</size>
         <input_file_ref idref="fl-2"/>
      </object_component>
      <object_component id="oc-bf">
         <name>.debug_abbrev</name>
         <load_address>0x231</load_address>
         <run_address>0x231</run_address>
         <size>0x69</size>
         <input_file_ref idref="fl-2"/>
      </object_component>
      <object_component id="oc-34">
         <name>.debug_abbrev</name>
         <load_address>0x29a</load_address>
         <run_address>0x29a</run_address>
         <size>0x1f</size>
         <input_file_ref idref="fl-2"/>
      </object_component>
      <object_component id="oc-119">
         <name>.debug_abbrev</name>
         <load_address>0x2b9</load_address>
         <run_address>0x2b9</run_address>
         <size>0x5c</size>
         <input_file_ref idref="fl-2"/>
      </object_component>
      <object_component id="oc-b8">
         <name>.debug_abbrev</name>
         <load_address>0x315</load_address>
         <run_address>0x315</run_address>
         <size>0x24</size>
         <input_file_ref idref="fl-2"/>
      </object_component>
      <object_component id="oc-115">
         <name>.debug_abbrev</name>
         <load_address>0x339</load_address>
         <run_address>0x339</run_address>
         <size>0x29</size>
         <input_file_ref idref="fl-3"/>
      </object_component>
      <object_component id="oc-b5">
         <name>.debug_abbrev</name>
         <load_address>0x362</load_address>
         <run_address>0x362</run_address>
         <size>0xa9</size>
         <input_file_ref idref="fl-3"/>
      </object_component>
      <object_component id="oc-bb">
         <name>.debug_abbrev</name>
         <load_address>0x40b</load_address>
         <run_address>0x40b</run_address>
         <size>0x7c</size>
         <input_file_ref idref="fl-4"/>
      </object_component>
      <object_component id="oc-73">
         <name>.debug_abbrev</name>
         <load_address>0x487</load_address>
         <run_address>0x487</run_address>
         <size>0x29</size>
         <input_file_ref idref="fl-4"/>
      </object_component>
      <object_component id="oc-ab">
         <name>.debug_abbrev</name>
         <load_address>0x4b0</load_address>
         <run_address>0x4b0</run_address>
         <size>0x89</size>
         <input_file_ref idref="fl-4"/>
      </object_component>
      <object_component id="oc-13d">
         <name>.debug_abbrev</name>
         <load_address>0x539</load_address>
         <run_address>0x539</run_address>
         <size>0x29</size>
         <input_file_ref idref="fl-5"/>
      </object_component>
      <object_component id="oc-113">
         <name>.debug_abbrev</name>
         <load_address>0x562</load_address>
         <run_address>0x562</run_address>
         <size>0x8b</size>
         <input_file_ref idref="fl-5"/>
      </object_component>
      <object_component id="oc-84">
         <name>.debug_abbrev</name>
         <load_address>0x5ed</load_address>
         <run_address>0x5ed</run_address>
         <size>0x37</size>
         <input_file_ref idref="fl-c0"/>
      </object_component>
      <object_component id="oc-3c">
         <name>.debug_abbrev</name>
         <load_address>0x624</load_address>
         <run_address>0x624</run_address>
         <size>0x74</size>
         <input_file_ref idref="fl-c0"/>
      </object_component>
      <object_component id="oc-3f">
         <name>.debug_abbrev</name>
         <load_address>0x698</load_address>
         <run_address>0x698</run_address>
         <size>0x24</size>
         <input_file_ref idref="fl-c0"/>
      </object_component>
      <object_component id="oc-81">
         <name>.debug_abbrev</name>
         <load_address>0x6bc</load_address>
         <run_address>0x6bc</run_address>
         <size>0x24</size>
         <input_file_ref idref="fl-c0"/>
      </object_component>
      <object_component id="oc-c7">
         <name>.debug_abbrev</name>
         <load_address>0x6e0</load_address>
         <run_address>0x6e0</run_address>
         <size>0x37</size>
         <input_file_ref idref="fl-c1"/>
      </object_component>
      <object_component id="oc-2c">
         <name>.debug_abbrev</name>
         <load_address>0x717</load_address>
         <run_address>0x717</run_address>
         <size>0x6f</size>
         <input_file_ref idref="fl-c1"/>
      </object_component>
      <object_component id="oc-2f">
         <name>.debug_abbrev</name>
         <load_address>0x786</load_address>
         <run_address>0x786</run_address>
         <size>0x24</size>
         <input_file_ref idref="fl-c1"/>
      </object_component>
      <object_component id="oc-c4">
         <name>.debug_abbrev</name>
         <load_address>0x7aa</load_address>
         <run_address>0x7aa</run_address>
         <size>0x35</size>
         <input_file_ref idref="fl-c1"/>
      </object_component>
      <object_component id="oc-7a">
         <name>.debug_abbrev</name>
         <load_address>0x7df</load_address>
         <run_address>0x7df</run_address>
         <size>0x24</size>
         <input_file_ref idref="fl-c1"/>
      </object_component>
      <object_component id="oc-76">
         <name>.debug_abbrev</name>
         <load_address>0x803</load_address>
         <run_address>0x803</run_address>
         <size>0x29</size>
         <input_file_ref idref="fl-c2"/>
      </object_component>
      <object_component id="oc-9c">
         <name>.debug_abbrev</name>
         <load_address>0x82c</load_address>
         <run_address>0x82c</run_address>
         <size>0x55</size>
         <input_file_ref idref="fl-c2"/>
      </object_component>
      <object_component id="oc-7e">
         <name>.debug_abbrev</name>
         <load_address>0x881</load_address>
         <run_address>0x881</run_address>
         <size>0x3e</size>
         <input_file_ref idref="fl-c3"/>
      </object_component>
      <object_component id="oc-159">
         <name>.debug_abbrev</name>
         <load_address>0x8bf</load_address>
         <run_address>0x8bf</run_address>
         <size>0xc0</size>
         <input_file_ref idref="fl-c5"/>
      </object_component>
      <object_component id="oc-127">
         <name>.debug_abbrev</name>
         <load_address>0x97f</load_address>
         <run_address>0x97f</run_address>
         <size>0x7e</size>
         <input_file_ref idref="fl-c5"/>
      </object_component>
      <object_component id="oc-15d">
         <name>.debug_abbrev</name>
         <load_address>0x9fd</load_address>
         <run_address>0x9fd</run_address>
         <size>0x24</size>
         <input_file_ref idref="fl-c5"/>
      </object_component>
      <object_component id="oc-171">
         <name>.debug_abbrev</name>
         <load_address>0xa21</load_address>
         <run_address>0xa21</run_address>
         <size>0x24</size>
         <input_file_ref idref="fl-c5"/>
      </object_component>
      <object_component id="oc-162">
         <name>.debug_abbrev</name>
         <load_address>0xa45</load_address>
         <run_address>0xa45</run_address>
         <size>0x24</size>
         <input_file_ref idref="fl-c5"/>
      </object_component>
      <object_component id="oc-167">
         <name>.debug_abbrev</name>
         <load_address>0xa69</load_address>
         <run_address>0xa69</run_address>
         <size>0x4b</size>
         <input_file_ref idref="fl-c5"/>
      </object_component>
      <object_component id="oc-d1">
         <name>.debug_abbrev</name>
         <load_address>0xab4</load_address>
         <run_address>0xab4</run_address>
         <size>0x55</size>
         <input_file_ref idref="fl-c6"/>
      </object_component>
      <object_component id="oc-11d">
         <name>.debug_abbrev</name>
         <load_address>0xb09</load_address>
         <run_address>0xb09</run_address>
         <size>0x45</size>
         <input_file_ref idref="fl-c8"/>
      </object_component>
      <object_component id="oc-1b0">
         <name>.debug_abbrev</name>
         <load_address>0xb4e</load_address>
         <run_address>0xb4e</run_address>
         <size>0xf</size>
      </object_component>
      <object_component id="oc-145">
         <name>.debug_str</name>
         <load_address>0x0</load_address>
         <run_address>0x0</run_address>
         <size>0x15b7</size>
         <input_file_ref idref="fl-2"/>
      </object_component>
      <object_component id="oc-14a">
         <name>.debug_str</name>
         <load_address>0x15b7</load_address>
         <run_address>0x15b7</run_address>
         <size>0x473</size>
         <input_file_ref idref="fl-2"/>
      </object_component>
      <object_component id="oc-c1">
         <name>.debug_str</name>
         <load_address>0x1a2a</load_address>
         <run_address>0x1a2a</run_address>
         <size>0x29e</size>
         <input_file_ref idref="fl-2"/>
      </object_component>
      <object_component id="oc-36">
         <name>.debug_str</name>
         <load_address>0x1cc8</load_address>
         <run_address>0x1cc8</run_address>
         <size>0xfd</size>
         <input_file_ref idref="fl-2"/>
      </object_component>
      <object_component id="oc-11b">
         <name>.debug_str</name>
         <load_address>0x1dc5</load_address>
         <run_address>0x1dc5</run_address>
         <size>0x334</size>
         <input_file_ref idref="fl-2"/>
      </object_component>
      <object_component id="oc-ba">
         <name>.debug_str</name>
         <load_address>0x20f9</load_address>
         <run_address>0x20f9</run_address>
         <size>0x136</size>
         <input_file_ref idref="fl-2"/>
      </object_component>
      <object_component id="oc-41">
         <name>.debug_str</name>
         <load_address>0x222f</load_address>
         <run_address>0x222f</run_address>
         <size>0x10b</size>
         <input_file_ref idref="fl-c0"/>
      </object_component>
      <object_component id="oc-83">
         <name>.debug_str</name>
         <load_address>0x233a</load_address>
         <run_address>0x233a</run_address>
         <size>0x140</size>
         <input_file_ref idref="fl-c0"/>
      </object_component>
      <object_component id="oc-31">
         <name>.debug_str</name>
         <load_address>0x247a</load_address>
         <run_address>0x247a</run_address>
         <size>0x118</size>
         <input_file_ref idref="fl-c1"/>
      </object_component>
      <object_component id="oc-c6">
         <name>.debug_str</name>
         <load_address>0x2592</load_address>
         <run_address>0x2592</run_address>
         <size>0x16b</size>
         <input_file_ref idref="fl-c1"/>
      </object_component>
      <object_component id="oc-7c">
         <name>.debug_str</name>
         <load_address>0x26fd</load_address>
         <run_address>0x26fd</run_address>
         <size>0x158</size>
         <input_file_ref idref="fl-c1"/>
      </object_component>
      <object_component id="oc-15f">
         <name>.debug_str</name>
         <load_address>0x2855</load_address>
         <run_address>0x2855</run_address>
         <size>0xed</size>
         <input_file_ref idref="fl-c5"/>
      </object_component>
      <object_component id="oc-173">
         <name>.debug_str</name>
         <load_address>0x2942</load_address>
         <run_address>0x2942</run_address>
         <size>0x157</size>
         <input_file_ref idref="fl-c5"/>
      </object_component>
      <object_component id="oc-164">
         <name>.debug_str</name>
         <load_address>0x2a99</load_address>
         <run_address>0x2a99</run_address>
         <size>0x150</size>
         <input_file_ref idref="fl-c5"/>
      </object_component>
      <object_component id="oc-169">
         <name>.debug_str</name>
         <load_address>0x2be9</load_address>
         <run_address>0x2be9</run_address>
         <size>0x197</size>
         <input_file_ref idref="fl-c5"/>
      </object_component>
      <object_component id="oc-af">
         <name>.debug_aranges</name>
         <load_address>0x0</load_address>
         <run_address>0x0</run_address>
         <size>0x20</size>
         <input_file_ref idref="fl-2"/>
      </object_component>
      <object_component id="oc-6f">
         <name>.debug_aranges</name>
         <load_address>0x20</load_address>
         <run_address>0x20</run_address>
         <size>0x38</size>
         <input_file_ref idref="fl-3"/>
      </object_component>
      <object_component id="oc-6a">
         <name>.debug_aranges</name>
         <load_address>0x58</load_address>
         <run_address>0x58</run_address>
         <size>0x28</size>
         <input_file_ref idref="fl-4"/>
      </object_component>
      <object_component id="oc-a8">
         <name>.debug_aranges</name>
         <load_address>0x80</load_address>
         <run_address>0x80</run_address>
         <size>0x28</size>
         <input_file_ref idref="fl-5"/>
      </object_component>
      <object_component id="oc-20">
         <name>.debug_aranges</name>
         <load_address>0xa8</load_address>
         <run_address>0xa8</run_address>
         <size>0x20</size>
         <input_file_ref idref="fl-c0"/>
      </object_component>
      <object_component id="oc-18">
         <name>.debug_aranges</name>
         <load_address>0xc8</load_address>
         <run_address>0xc8</run_address>
         <size>0x20</size>
         <input_file_ref idref="fl-c1"/>
      </object_component>
      <object_component id="oc-57">
         <name>.debug_aranges</name>
         <load_address>0xe8</load_address>
         <run_address>0xe8</run_address>
         <size>0x20</size>
         <input_file_ref idref="fl-c2"/>
      </object_component>
      <object_component id="oc-39">
         <name>.debug_aranges</name>
         <load_address>0x108</load_address>
         <run_address>0x108</run_address>
         <size>0x20</size>
         <input_file_ref idref="fl-c3"/>
      </object_component>
      <object_component id="oc-df">
         <name>.debug_aranges</name>
         <load_address>0x128</load_address>
         <run_address>0x128</run_address>
         <size>0x20</size>
         <input_file_ref idref="fl-c5"/>
      </object_component>
      <object_component id="oc-97">
         <name>.debug_aranges</name>
         <load_address>0x148</load_address>
         <run_address>0x148</run_address>
         <size>0x20</size>
         <input_file_ref idref="fl-c6"/>
      </object_component>
      <object_component id="oc-d6">
         <name>.debug_aranges</name>
         <load_address>0x168</load_address>
         <run_address>0x168</run_address>
         <size>0x20</size>
         <input_file_ref idref="fl-c8"/>
      </object_component>
      <object_component id="oc-ae">
         <name>.debug_pubnames</name>
         <load_address>0x0</load_address>
         <run_address>0x0</run_address>
         <size>0x21</size>
         <input_file_ref idref="fl-2"/>
      </object_component>
      <object_component id="oc-b4">
         <name>.debug_pubnames</name>
         <load_address>0x21</load_address>
         <run_address>0x21</run_address>
         <size>0x23</size>
         <input_file_ref idref="fl-3"/>
      </object_component>
      <object_component id="oc-70">
         <name>.debug_pubnames</name>
         <load_address>0x44</load_address>
         <run_address>0x44</run_address>
         <size>0x51</size>
         <input_file_ref idref="fl-3"/>
      </object_component>
      <object_component id="oc-28">
         <name>.debug_pubnames</name>
         <load_address>0x95</load_address>
         <run_address>0x95</run_address>
         <size>0x27</size>
         <input_file_ref idref="fl-4"/>
      </object_component>
      <object_component id="oc-69">
         <name>.debug_pubnames</name>
         <load_address>0xbc</load_address>
         <run_address>0xbc</run_address>
         <size>0x38</size>
         <input_file_ref idref="fl-4"/>
      </object_component>
      <object_component id="oc-112">
         <name>.debug_pubnames</name>
         <load_address>0xf4</load_address>
         <run_address>0xf4</run_address>
         <size>0x26</size>
         <input_file_ref idref="fl-5"/>
      </object_component>
      <object_component id="oc-a7">
         <name>.debug_pubnames</name>
         <load_address>0x11a</load_address>
         <run_address>0x11a</run_address>
         <size>0x3b</size>
         <input_file_ref idref="fl-5"/>
      </object_component>
      <object_component id="oc-22">
         <name>.debug_pubnames</name>
         <load_address>0x155</load_address>
         <run_address>0x155</run_address>
         <size>0x2b</size>
         <input_file_ref idref="fl-c0"/>
      </object_component>
      <object_component id="oc-1b">
         <name>.debug_pubnames</name>
         <load_address>0x180</load_address>
         <run_address>0x180</run_address>
         <size>0x2b</size>
         <input_file_ref idref="fl-c1"/>
      </object_component>
      <object_component id="oc-2b">
         <name>.debug_pubnames</name>
         <load_address>0x1ab</load_address>
         <run_address>0x1ab</run_address>
         <size>0x1e</size>
         <input_file_ref idref="fl-c2"/>
      </object_component>
      <object_component id="oc-58">
         <name>.debug_pubnames</name>
         <load_address>0x1c9</load_address>
         <run_address>0x1c9</run_address>
         <size>0x26</size>
         <input_file_ref idref="fl-c2"/>
      </object_component>
      <object_component id="oc-3b">
         <name>.debug_pubnames</name>
         <load_address>0x1ef</load_address>
         <run_address>0x1ef</run_address>
         <size>0x1d</size>
         <input_file_ref idref="fl-c3"/>
      </object_component>
      <object_component id="oc-e3">
         <name>.debug_pubnames</name>
         <load_address>0x20c</load_address>
         <run_address>0x20c</run_address>
         <size>0x35</size>
         <input_file_ref idref="fl-c5"/>
      </object_component>
      <object_component id="oc-96">
         <name>.debug_pubnames</name>
         <load_address>0x241</load_address>
         <run_address>0x241</run_address>
         <size>0x27</size>
         <input_file_ref idref="fl-c6"/>
      </object_component>
      <object_component id="oc-d5">
         <name>.debug_pubnames</name>
         <load_address>0x268</load_address>
         <run_address>0x268</run_address>
         <size>0x1c</size>
         <input_file_ref idref="fl-c8"/>
      </object_component>
      <object_component id="oc-142">
         <name>.debug_pubtypes</name>
         <load_address>0x0</load_address>
         <run_address>0x0</run_address>
         <size>0x2ce</size>
         <input_file_ref idref="fl-2"/>
      </object_component>
      <object_component id="oc-147">
         <name>.debug_pubtypes</name>
         <load_address>0x2ce</load_address>
         <run_address>0x2ce</run_address>
         <size>0xdd</size>
         <input_file_ref idref="fl-2"/>
      </object_component>
      <object_component id="oc-be">
         <name>.debug_pubtypes</name>
         <load_address>0x3ab</load_address>
         <run_address>0x3ab</run_address>
         <size>0x25c</size>
         <input_file_ref idref="fl-2"/>
      </object_component>
      <object_component id="oc-33">
         <name>.debug_pubtypes</name>
         <load_address>0x607</load_address>
         <run_address>0x607</run_address>
         <size>0xed</size>
         <input_file_ref idref="fl-2"/>
      </object_component>
      <object_component id="oc-118">
         <name>.debug_pubtypes</name>
         <load_address>0x6f4</load_address>
         <run_address>0x6f4</run_address>
         <size>0x330</size>
         <input_file_ref idref="fl-2"/>
      </object_component>
      <object_component id="oc-b7">
         <name>.debug_pubtypes</name>
         <load_address>0xa24</load_address>
         <run_address>0xa24</run_address>
         <size>0xaa</size>
         <input_file_ref idref="fl-2"/>
      </object_component>
      <object_component id="oc-3e">
         <name>.debug_pubtypes</name>
         <load_address>0xace</load_address>
         <run_address>0xace</run_address>
         <size>0x48</size>
         <input_file_ref idref="fl-c0"/>
      </object_component>
      <object_component id="oc-80">
         <name>.debug_pubtypes</name>
         <load_address>0xb16</load_address>
         <run_address>0xb16</run_address>
         <size>0x1d</size>
         <input_file_ref idref="fl-c0"/>
      </object_component>
      <object_component id="oc-2e">
         <name>.debug_pubtypes</name>
         <load_address>0xb33</load_address>
         <run_address>0xb33</run_address>
         <size>0x5d</size>
         <input_file_ref idref="fl-c1"/>
      </object_component>
      <object_component id="oc-c3">
         <name>.debug_pubtypes</name>
         <load_address>0xb90</load_address>
         <run_address>0xb90</run_address>
         <size>0x48</size>
         <input_file_ref idref="fl-c1"/>
      </object_component>
      <object_component id="oc-79">
         <name>.debug_pubtypes</name>
         <load_address>0xbd8</load_address>
         <run_address>0xbd8</run_address>
         <size>0x35</size>
         <input_file_ref idref="fl-c1"/>
      </object_component>
      <object_component id="oc-15c">
         <name>.debug_pubtypes</name>
         <load_address>0xc0d</load_address>
         <run_address>0xc0d</run_address>
         <size>0x32</size>
         <input_file_ref idref="fl-c5"/>
      </object_component>
      <object_component id="oc-170">
         <name>.debug_pubtypes</name>
         <load_address>0xc3f</load_address>
         <run_address>0xc3f</run_address>
         <size>0x30</size>
         <input_file_ref idref="fl-c5"/>
      </object_component>
      <object_component id="oc-161">
         <name>.debug_pubtypes</name>
         <load_address>0xc6f</load_address>
         <run_address>0xc6f</run_address>
         <size>0x2c</size>
         <input_file_ref idref="fl-c5"/>
      </object_component>
      <object_component id="oc-166">
         <name>.debug_pubtypes</name>
         <load_address>0xc9b</load_address>
         <run_address>0xc9b</run_address>
         <size>0x50</size>
         <input_file_ref idref="fl-c5"/>
      </object_component>
   </object_component_list>
   <logical_group_list>
      <logical_group id="lg-3" display="no" color="cyan">
         <name>.intvecs</name>
         <load_address>0x0</load_address>
         <run_address>0x0</run_address>
         <size>0xe4</size>
         <contents>
            <object_component_ref idref="oc-26"/>
         </contents>
      </logical_group>
      <logical_group id="lg-4" display="no" color="cyan">
         <name>.text</name>
         <load_address>0xe4</load_address>
         <run_address>0xe4</run_address>
         <size>0x71c</size>
         <contents>
            <object_component_ref idref="oc-a5"/>
            <object_component_ref idref="oc-6d"/>
            <object_component_ref idref="oc-37"/>
            <object_component_ref idref="oc-ac"/>
            <object_component_ref idref="oc-17"/>
            <object_component_ref idref="oc-de"/>
            <object_component_ref idref="oc-55"/>
            <object_component_ref idref="oc-1d"/>
            <object_component_ref idref="oc-67"/>
            <object_component_ref idref="oc-93"/>
            <object_component_ref idref="oc-d2"/>
         </contents>
      </logical_group>
      <logical_group id="lg-5" display="no" color="cyan">
         <name>.const</name>
         <run_address>0x0</run_address>
         <size>0x0</size>
         <contents>
         </contents>
      </logical_group>
      <logical_group id="lg-6" display="no" color="cyan">
         <name>.cinit</name>
         <load_address>0x800</load_address>
         <run_address>0x800</run_address>
         <size>0x1c</size>
         <contents>
            <object_component_ref idref="oc-1ac"/>
            <object_component_ref idref="oc-1aa"/>
            <object_component_ref idref="oc-1ab"/>
         </contents>
      </logical_group>
      <logical_group id="lg-7" display="no" color="cyan">
         <name>.pinit</name>
         <run_address>0x0</run_address>
         <size>0x0</size>
         <contents>
         </contents>
      </logical_group>
      <logical_group id="lg-8" display="no" color="cyan">
         <name>.init_array</name>
         <run_address>0x0</run_address>
         <size>0x0</size>
         <contents>
         </contents>
      </logical_group>
      <logical_group id="lg-9" display="no" color="cyan">
         <name>.binit</name>
         <load_address>0x0</load_address>
         <run_address>0x0</run_address>
         <size>0x0</size>
         <contents>
            <object_component_ref idref="oc-17e"/>
         </contents>
      </logical_group>
      <logical_group id="lg-a" display="no" color="cyan">
         <name>.flashMailbox</name>
         <run_address>0x0</run_address>
         <size>0x0</size>
         <contents>
         </contents>
      </logical_group>
      <logical_group id="lg-b" display="no" color="cyan">
         <name>.tlvTable</name>
         <run_address>0x0</run_address>
         <size>0x0</size>
         <contents>
         </contents>
      </logical_group>
      <logical_group id="lg-c" display="no" color="cyan">
         <name>.bslArea</name>
         <run_address>0x0</run_address>
         <size>0x0</size>
         <contents>
         </contents>
      </logical_group>
      <logical_group id="lg-d" display="no" color="cyan">
         <name>.vtable</name>
         <run_address>0x0</run_address>
         <size>0x0</size>
         <contents>
         </contents>
      </logical_group>
      <logical_group id="lg-e" display="no" color="cyan">
         <name>.data</name>
         <run_address>0x20000000</run_address>
         <size>0x6</size>
         <contents>
            <object_component_ref idref="oc-b2"/>
            <object_component_ref idref="oc-110"/>
         </contents>
      </logical_group>
      <logical_group id="lg-f" display="no" color="cyan">
         <name>.bss</name>
         <run_address>0x0</run_address>
         <size>0x0</size>
         <contents>
         </contents>
      </logical_group>
      <logical_group id="lg-10" display="no" color="cyan">
         <name>.sysmem</name>
         <run_address>0x0</run_address>
         <size>0x0</size>
         <contents>
         </contents>
      </logical_group>
      <logical_group id="lg-11" display="no" color="cyan">
         <name>.stack</name>
         <run_address>0x2000fe00</run_address>
         <size>0x200</size>
         <contents>
            <object_component_ref idref="oc-29"/>
            <object_component_ref idref="oc-1ae"/>
         </contents>
      </logical_group>
      <logical_group id="lg-12" display="no" color="cyan">
         <name>.TI.ramfunc</name>
         <run_address>0x0</run_address>
         <size>0x0</size>
         <contents>
         </contents>
      </logical_group>
      <logical_group id="lg-17b" display="no" color="cyan">
         <name>.TI.noinit</name>
         <run_address>0x0</run_address>
         <size>0x0</size>
         <contents>
         </contents>
      </logical_group>
      <logical_group id="lg-17c" display="no" color="cyan">
         <name>.TI.persistent</name>
         <run_address>0x0</run_address>
         <size>0x0</size>
         <contents>
         </contents>
      </logical_group>
      <logical_group id="lg-17d" display="no" color="cyan">
         <name>__llvm_prf_cnts</name>
         <run_address>0x20000000</run_address>
         <size>0x0</size>
         <contents>
         </contents>
      </logical_group>
      <logical_group id="lg-192" display="never" color="cyan">
         <name>.debug_info</name>
         <load_address>0x0</load_address>
         <run_address>0x0</run_address>
         <size>0x7ad3</size>
         <contents>
            <object_component_ref idref="oc-11c"/>
            <object_component_ref idref="oc-ad"/>
            <object_component_ref idref="oc-141"/>
            <object_component_ref idref="oc-146"/>
            <object_component_ref idref="oc-bd"/>
            <object_component_ref idref="oc-32"/>
            <object_component_ref idref="oc-117"/>
            <object_component_ref idref="oc-b6"/>
            <object_component_ref idref="oc-b3"/>
            <object_component_ref idref="oc-6e"/>
            <object_component_ref idref="oc-75"/>
            <object_component_ref idref="oc-27"/>
            <object_component_ref idref="oc-68"/>
            <object_component_ref idref="oc-111"/>
            <object_component_ref idref="oc-a6"/>
            <object_component_ref idref="oc-42"/>
            <object_component_ref idref="oc-21"/>
            <object_component_ref idref="oc-3d"/>
            <object_component_ref idref="oc-7f"/>
            <object_component_ref idref="oc-7d"/>
            <object_component_ref idref="oc-1a"/>
            <object_component_ref idref="oc-2d"/>
            <object_component_ref idref="oc-c2"/>
            <object_component_ref idref="oc-78"/>
            <object_component_ref idref="oc-2a"/>
            <object_component_ref idref="oc-56"/>
            <object_component_ref idref="oc-3a"/>
            <object_component_ref idref="oc-128"/>
            <object_component_ref idref="oc-e2"/>
            <object_component_ref idref="oc-15b"/>
            <object_component_ref idref="oc-16f"/>
            <object_component_ref idref="oc-160"/>
            <object_component_ref idref="oc-165"/>
            <object_component_ref idref="oc-95"/>
            <object_component_ref idref="oc-d4"/>
            <object_component_ref idref="oc-1af"/>
         </contents>
      </logical_group>
      <logical_group id="lg-194" display="never" color="cyan">
         <name>.debug_line</name>
         <load_address>0x0</load_address>
         <run_address>0x0</run_address>
         <size>0xe09</size>
         <contents>
            <object_component_ref idref="oc-140"/>
            <object_component_ref idref="oc-b1"/>
            <object_component_ref idref="oc-144"/>
            <object_component_ref idref="oc-149"/>
            <object_component_ref idref="oc-c0"/>
            <object_component_ref idref="oc-35"/>
            <object_component_ref idref="oc-11a"/>
            <object_component_ref idref="oc-b9"/>
            <object_component_ref idref="oc-116"/>
            <object_component_ref idref="oc-71"/>
            <object_component_ref idref="oc-bc"/>
            <object_component_ref idref="oc-74"/>
            <object_component_ref idref="oc-6c"/>
            <object_component_ref idref="oc-13e"/>
            <object_component_ref idref="oc-aa"/>
            <object_component_ref idref="oc-85"/>
            <object_component_ref idref="oc-1f"/>
            <object_component_ref idref="oc-40"/>
            <object_component_ref idref="oc-82"/>
            <object_component_ref idref="oc-c8"/>
            <object_component_ref idref="oc-1c"/>
            <object_component_ref idref="oc-30"/>
            <object_component_ref idref="oc-c5"/>
            <object_component_ref idref="oc-7b"/>
            <object_component_ref idref="oc-77"/>
            <object_component_ref idref="oc-59"/>
            <object_component_ref idref="oc-38"/>
            <object_component_ref idref="oc-15a"/>
            <object_component_ref idref="oc-e0"/>
            <object_component_ref idref="oc-15e"/>
            <object_component_ref idref="oc-172"/>
            <object_component_ref idref="oc-163"/>
            <object_component_ref idref="oc-168"/>
            <object_component_ref idref="oc-94"/>
            <object_component_ref idref="oc-d3"/>
         </contents>
      </logical_group>
      <logical_group id="lg-196" display="never" color="cyan">
         <name>.debug_frame</name>
         <load_address>0x0</load_address>
         <run_address>0x0</run_address>
         <size>0x3d8</size>
         <contents>
            <object_component_ref idref="oc-b0"/>
            <object_component_ref idref="oc-72"/>
            <object_component_ref idref="oc-6b"/>
            <object_component_ref idref="oc-a9"/>
            <object_component_ref idref="oc-1e"/>
            <object_component_ref idref="oc-19"/>
            <object_component_ref idref="oc-5a"/>
            <object_component_ref idref="oc-e1"/>
            <object_component_ref idref="oc-98"/>
            <object_component_ref idref="oc-d7"/>
         </contents>
      </logical_group>
      <logical_group id="lg-198" display="never" color="cyan">
         <name>.debug_abbrev</name>
         <load_address>0x0</load_address>
         <run_address>0x0</run_address>
         <size>0xb5d</size>
         <contents>
            <object_component_ref idref="oc-13f"/>
            <object_component_ref idref="oc-114"/>
            <object_component_ref idref="oc-143"/>
            <object_component_ref idref="oc-148"/>
            <object_component_ref idref="oc-bf"/>
            <object_component_ref idref="oc-34"/>
            <object_component_ref idref="oc-119"/>
            <object_component_ref idref="oc-b8"/>
            <object_component_ref idref="oc-115"/>
            <object_component_ref idref="oc-b5"/>
            <object_component_ref idref="oc-bb"/>
            <object_component_ref idref="oc-73"/>
            <object_component_ref idref="oc-ab"/>
            <object_component_ref idref="oc-13d"/>
            <object_component_ref idref="oc-113"/>
            <object_component_ref idref="oc-84"/>
            <object_component_ref idref="oc-3c"/>
            <object_component_ref idref="oc-3f"/>
            <object_component_ref idref="oc-81"/>
            <object_component_ref idref="oc-c7"/>
            <object_component_ref idref="oc-2c"/>
            <object_component_ref idref="oc-2f"/>
            <object_component_ref idref="oc-c4"/>
            <object_component_ref idref="oc-7a"/>
            <object_component_ref idref="oc-76"/>
            <object_component_ref idref="oc-9c"/>
            <object_component_ref idref="oc-7e"/>
            <object_component_ref idref="oc-159"/>
            <object_component_ref idref="oc-127"/>
            <object_component_ref idref="oc-15d"/>
            <object_component_ref idref="oc-171"/>
            <object_component_ref idref="oc-162"/>
            <object_component_ref idref="oc-167"/>
            <object_component_ref idref="oc-d1"/>
            <object_component_ref idref="oc-11d"/>
            <object_component_ref idref="oc-1b0"/>
         </contents>
      </logical_group>
      <logical_group id="lg-19a" display="never" color="cyan">
         <name>.debug_str</name>
         <load_address>0x0</load_address>
         <run_address>0x0</run_address>
         <size>0x2d80</size>
         <contents>
            <object_component_ref idref="oc-145"/>
            <object_component_ref idref="oc-14a"/>
            <object_component_ref idref="oc-c1"/>
            <object_component_ref idref="oc-36"/>
            <object_component_ref idref="oc-11b"/>
            <object_component_ref idref="oc-ba"/>
            <object_component_ref idref="oc-41"/>
            <object_component_ref idref="oc-83"/>
            <object_component_ref idref="oc-31"/>
            <object_component_ref idref="oc-c6"/>
            <object_component_ref idref="oc-7c"/>
            <object_component_ref idref="oc-15f"/>
            <object_component_ref idref="oc-173"/>
            <object_component_ref idref="oc-164"/>
            <object_component_ref idref="oc-169"/>
         </contents>
      </logical_group>
      <logical_group id="lg-19c" display="never" color="cyan">
         <name>.debug_aranges</name>
         <load_address>0x0</load_address>
         <run_address>0x0</run_address>
         <size>0x188</size>
         <contents>
            <object_component_ref idref="oc-af"/>
            <object_component_ref idref="oc-6f"/>
            <object_component_ref idref="oc-6a"/>
            <object_component_ref idref="oc-a8"/>
            <object_component_ref idref="oc-20"/>
            <object_component_ref idref="oc-18"/>
            <object_component_ref idref="oc-57"/>
            <object_component_ref idref="oc-39"/>
            <object_component_ref idref="oc-df"/>
            <object_component_ref idref="oc-97"/>
            <object_component_ref idref="oc-d6"/>
         </contents>
      </logical_group>
      <logical_group id="lg-19e" display="never" color="cyan">
         <name>.debug_pubnames</name>
         <load_address>0x0</load_address>
         <run_address>0x0</run_address>
         <size>0x284</size>
         <contents>
            <object_component_ref idref="oc-ae"/>
            <object_component_ref idref="oc-b4"/>
            <object_component_ref idref="oc-70"/>
            <object_component_ref idref="oc-28"/>
            <object_component_ref idref="oc-69"/>
            <object_component_ref idref="oc-112"/>
            <object_component_ref idref="oc-a7"/>
            <object_component_ref idref="oc-22"/>
            <object_component_ref idref="oc-1b"/>
            <object_component_ref idref="oc-2b"/>
            <object_component_ref idref="oc-58"/>
            <object_component_ref idref="oc-3b"/>
            <object_component_ref idref="oc-e3"/>
            <object_component_ref idref="oc-96"/>
            <object_component_ref idref="oc-d5"/>
         </contents>
      </logical_group>
      <logical_group id="lg-1a0" display="never" color="cyan">
         <name>.debug_pubtypes</name>
         <load_address>0x0</load_address>
         <run_address>0x0</run_address>
         <size>0xceb</size>
         <contents>
            <object_component_ref idref="oc-142"/>
            <object_component_ref idref="oc-147"/>
            <object_component_ref idref="oc-be"/>
            <object_component_ref idref="oc-33"/>
            <object_component_ref idref="oc-118"/>
            <object_component_ref idref="oc-b7"/>
            <object_component_ref idref="oc-3e"/>
            <object_component_ref idref="oc-80"/>
            <object_component_ref idref="oc-2e"/>
            <object_component_ref idref="oc-c3"/>
            <object_component_ref idref="oc-79"/>
            <object_component_ref idref="oc-15c"/>
            <object_component_ref idref="oc-170"/>
            <object_component_ref idref="oc-161"/>
            <object_component_ref idref="oc-166"/>
         </contents>
      </logical_group>
      <logical_group id="lg-1ad" display="no" color="cyan">
         <name>Veneer$$CMSE</name>
         <run_address>0x0</run_address>
         <size>0x0</size>
         <contents>
         </contents>
      </logical_group>
      <load_segment id="lg-1b2" display="no" color="cyan">
         <name>SEGMENT_0</name>
         <load_address>0x0</load_address>
         <run_address>0x0</run_address>
         <size>0x81c</size>
         <flags>0x5</flags>
         <contents>
            <logical_group_ref idref="lg-3"/>
            <logical_group_ref idref="lg-4"/>
            <logical_group_ref idref="lg-6"/>
         </contents>
      </load_segment>
      <load_segment id="lg-1b3" display="no" color="cyan">
         <name>SEGMENT_1</name>
         <run_address>0x20000000</run_address>
         <size>0x6</size>
         <flags>0x6</flags>
         <contents>
            <logical_group_ref idref="lg-e"/>
         </contents>
      </load_segment>
      <load_segment id="lg-1b4" display="no" color="cyan">
         <name>SEGMENT_2</name>
         <run_address>0x2000fe00</run_address>
         <size>0x200</size>
         <flags>0x6</flags>
         <contents>
            <logical_group_ref idref="lg-11"/>
         </contents>
      </load_segment>
   </logical_group_list>
   <placement_map>
      <memory_area display="yes" color="green">
         <name>MAIN</name>
         <page_id>0x0</page_id>
         <origin>0x0</origin>
         <length>0x40000</length>
         <used_space>0x81c</used_space>
         <unused_space>0x3f7e4</unused_space>
         <attributes>RX</attributes>
         <usage_details>
            <allocated_space>
               <start_address>0x0</start_address>
               <size>0x0</size>
               <logical_group_ref idref="lg-9"/>
            </allocated_space>
            <allocated_space>
               <start_address>0x0</start_address>
               <size>0xe4</size>
               <logical_group_ref idref="lg-3"/>
            </allocated_space>
            <allocated_space>
               <start_address>0xe4</start_address>
               <size>0x71c</size>
               <logical_group_ref idref="lg-4"/>
            </allocated_space>
            <allocated_space>
               <start_address>0x800</start_address>
               <size>0x1c</size>
               <logical_group_ref idref="lg-6"/>
            </allocated_space>
            <available_space>
               <start_address>0x81c</start_address>
               <size>0x3f7e4</size>
            </available_space>
         </usage_details>
      </memory_area>
      <memory_area display="yes" color="green">
         <name>INFO</name>
         <page_id>0x0</page_id>
         <origin>0x200000</origin>
         <length>0x4000</length>
         <used_space>0x0</used_space>
         <unused_space>0x4000</unused_space>
         <attributes>RX</attributes>
         <usage_details>
         </usage_details>
      </memory_area>
      <memory_area display="yes" color="green">
         <name>SRAM_CODE</name>
         <page_id>0x0</page_id>
         <origin>0x1000000</origin>
         <length>0x10000</length>
         <used_space>0x206</used_space>
         <unused_space>0xfdfa</unused_space>
         <attributes>RWX</attributes>
         <usage_details>
            <allocated_space>
               <start_address>0x1000000</start_address>
               <size>0x0</size>
               <logical_group_ref idref="lg-17d"/>
            </allocated_space>
            <allocated_space>
               <start_address>0x1000000</start_address>
               <size>0x6</size>
               <logical_group_ref idref="lg-e"/>
            </allocated_space>
            <available_space>
               <start_address>0x1000006</start_address>
               <size>0xfdfa</size>
            </available_space>
            <allocated_space>
               <start_address>0x100fe00</start_address>
               <size>0x200</size>
               <logical_group_ref idref="lg-11"/>
            </allocated_space>
         </usage_details>
      </memory_area>
      <memory_area display="yes" color="green">
         <name>SRAM_DATA</name>
         <page_id>0x0</page_id>
         <origin>0x20000000</origin>
         <length>0x10000</length>
         <used_space>0x206</used_space>
         <unused_space>0xfdfa</unused_space>
         <attributes>RW</attributes>
         <usage_details>
            <allocated_space>
               <start_address>0x20000000</start_address>
               <size>0x0</size>
               <logical_group_ref idref="lg-17d"/>
            </allocated_space>
            <allocated_space>
               <start_address>0x20000000</start_address>
               <size>0x6</size>
               <logical_group_ref idref="lg-e"/>
            </allocated_space>
            <available_space>
               <start_address>0x20000006</start_address>
               <size>0xfdfa</size>
            </available_space>
            <allocated_space>
               <start_address>0x2000fe00</start_address>
               <size>0x200</size>
               <logical_group_ref idref="lg-11"/>
            </allocated_space>
         </usage_details>
      </memory_area>
   </placement_map>
   <cptbl_list>
      <cptbl>
         <name>__TI_cinit_table</name>
         <cprec>
            <name>.data</name>
            <load_address>0x800</load_address>
            <load_size>0xa</load_size>
            <run_address>0x20000000</run_address>
            <run_size>0x6</run_size>
            <compression>lzss</compression>
         </cprec>
      </cptbl>
   </cptbl_list>
   <handler_table>
      <handler_table_name>__TI_handler_table</handler_table_name>
      <handler>
         <index>0x0</index>
         <name>__TI_decompress_lzss</name>
      </handler>
      <handler>
         <index>0x1</index>
         <name>__TI_decompress_none</name>
      </handler>
   </handler_table>
   <symbol_table>
      <symbol id="sm-1">
         <name>WDTCTL_SYM</name>
         <value>0x4000480c</value>
      </symbol>
      <symbol id="sm-2">
         <name>__start___llvm_prf_cnts</name>
         <value>0x20000000</value>
      </symbol>
      <symbol id="sm-3">
         <name>__stop___llvm_prf_cnts</name>
         <value>0x20000000</value>
      </symbol>
      <symbol id="sm-4">
         <name>__TI_CINIT_Base</name>
         <value>0x814</value>
      </symbol>
      <symbol id="sm-5">
         <name>__TI_CINIT_Limit</name>
         <value>0x81c</value>
      </symbol>
      <symbol id="sm-6">
         <name>__TI_Handler_Table_Base</name>
         <value>0x80c</value>
      </symbol>
      <symbol id="sm-7">
         <name>__TI_Handler_Table_Limit</name>
         <value>0x814</value>
      </symbol>
      <symbol id="sm-8">
         <name>binit</name>
         <value>0xffffffff</value>
      </symbol>
      <symbol id="sm-9">
         <name>__binit__</name>
         <value>0xffffffff</value>
      </symbol>
      <symbol id="sm-a">
         <name>__STACK_SIZE</name>
         <value>0x200</value>
      </symbol>
      <symbol id="sm-b">
         <name>__STACK_END</name>
         <value>0x20010000</value>
      </symbol>
      <symbol id="sm-c">
         <name>__c_args__</name>
         <value>0xffffffff</value>
      </symbol>
      <symbol id="sm-d">
         <name>__TI_pprof_out_hndl</name>
         <value>0xffffffff</value>
      </symbol>
      <symbol id="sm-e">
         <name>__TI_prof_data_start</name>
         <value>0xffffffff</value>
      </symbol>
      <symbol id="sm-f">
         <name>__TI_prof_data_size</name>
         <value>0xffffffff</value>
      </symbol>
      <symbol id="sm-5d">
         <name>InitEEPROM</name>
         <value>0x691</value>
         <object_component_ref idref="oc-ac"/>
      </symbol>
      <symbol id="sm-84">
         <name>TransmitFlag</name>
         <value>0x20000004</value>
         <object_component_ref idref="oc-b2"/>
      </symbol>
      <symbol id="sm-85">
         <name>ReadEEPROM</name>
         <value>0x525</value>
         <object_component_ref idref="oc-6d"/>
      </symbol>
      <symbol id="sm-86">
         <name>WriteEEPROM</name>
         <value>0x491</value>
         <object_component_ref idref="oc-6d"/>
      </symbol>
      <symbol id="sm-87">
         <name>EUSCIB0_IRQHandler</name>
         <value>0x45f</value>
         <object_component_ref idref="oc-6d"/>
      </symbol>
      <symbol id="sm-88">
         <name>main</name>
         <value>0x419</value>
         <object_component_ref idref="oc-6d"/>
      </symbol>
      <symbol id="sm-9d">
         <name>Reset_Handler</name>
         <value>0x7eb</value>
         <object_component_ref idref="oc-67"/>
      </symbol>
      <symbol id="sm-9e">
         <name>Default_Handler</name>
         <value>0x7f7</value>
         <object_component_ref idref="oc-67"/>
      </symbol>
      <symbol id="sm-9f">
         <name>interruptVectors</name>
         <value>0x0</value>
         <object_component_ref idref="oc-26"/>
      </symbol>
      <symbol id="sm-e7">
         <name>SystemInit</name>
         <value>0x35d</value>
         <object_component_ref idref="oc-a5"/>
      </symbol>
      <symbol id="sm-e8">
         <name>SystemCoreClockUpdate</name>
         <value>0xe5</value>
         <object_component_ref idref="oc-a5"/>
      </symbol>
      <symbol id="sm-e9">
         <name>SystemCoreClock</name>
         <value>0x20000000</value>
         <object_component_ref idref="oc-110"/>
      </symbol>
      <symbol id="sm-101">
         <name>__TI_decompress_none</name>
         <value>0x7dd</value>
         <object_component_ref idref="oc-1d"/>
      </symbol>
      <symbol id="sm-124">
         <name>__TI_decompress_lzss</name>
         <value>0x6fd</value>
         <object_component_ref idref="oc-17"/>
      </symbol>
      <symbol id="sm-137">
         <name>__stack</name>
         <value>0x2000fe00</value>
         <object_component_ref idref="oc-29"/>
      </symbol>
      <symbol id="sm-138">
         <name>_c_int00_noargs</name>
         <value>0x7a9</value>
         <object_component_ref idref="oc-55"/>
      </symbol>
      <symbol id="sm-153">
         <name>memcpy</name>
         <value>0x5f5</value>
         <object_component_ref idref="oc-37"/>
      </symbol>
      <symbol id="sm-154">
         <name>__aeabi_memcpy</name>
         <value>0x5f5</value>
         <object_component_ref idref="oc-37"/>
      </symbol>
      <symbol id="sm-155">
         <name>__aeabi_memcpy8</name>
         <value>0x5f5</value>
         <object_component_ref idref="oc-37"/>
      </symbol>
      <symbol id="sm-156">
         <name>__aeabi_memcpy4</name>
         <value>0x5f5</value>
         <object_component_ref idref="oc-37"/>
      </symbol>
      <symbol id="sm-17f">
         <name>__TI_auto_init_nobinit_nopinit</name>
         <value>0x765</value>
         <object_component_ref idref="oc-de"/>
      </symbol>
      <symbol id="sm-189">
         <name>_system_pre_init</name>
         <value>0x7f9</value>
         <object_component_ref idref="oc-93"/>
      </symbol>
      <symbol id="sm-195">
         <name>C$$EXIT</name>
         <value>0x7fd</value>
         <object_component_ref idref="oc-d2"/>
      </symbol>
      <symbol id="sm-196">
         <name>abort</name>
         <value>0x7fd</value>
         <object_component_ref idref="oc-d2"/>
      </symbol>
      <symbol id="sm-199">
         <name>__TI_static_base__</name>
         <value>0x0</value>
      </symbol>
      <symbol id="sm-19c">
         <name>__mpu_init</name>
         <value>0x0</value>
      </symbol>
      <symbol id="sm-19d">
         <name>_system_post_cinit</name>
         <value>0x0</value>
      </symbol>
      <symbol id="sm-19e">
         <name>NMI_Handler</name>
         <value>0x7f7</value>
      </symbol>
      <symbol id="sm-19f">
         <name>HardFault_Handler</name>
         <value>0x7f7</value>
      </symbol>
      <symbol id="sm-1a0">
         <name>MemManage_Handler</name>
         <value>0x7f7</value>
      </symbol>
      <symbol id="sm-1a1">
         <name>BusFault_Handler</name>
         <value>0x7f7</value>
      </symbol>
      <symbol id="sm-1a2">
         <name>UsageFault_Handler</name>
         <value>0x7f7</value>
      </symbol>
      <symbol id="sm-1a3">
         <name>SVC_Handler</name>
         <value>0x7f7</value>
      </symbol>
      <symbol id="sm-1a4">
         <name>DebugMon_Handler</name>
         <value>0x7f7</value>
      </symbol>
      <symbol id="sm-1a5">
         <name>PendSV_Handler</name>
         <value>0x7f7</value>
      </symbol>
      <symbol id="sm-1a6">
         <name>SysTick_Handler</name>
         <value>0x7f7</value>
      </symbol>
      <symbol id="sm-1a7">
         <name>PSS_IRQHandler</name>
         <value>0x7f7</value>
      </symbol>
      <symbol id="sm-1a8">
         <name>CS_IRQHandler</name>
         <value>0x7f7</value>
      </symbol>
      <symbol id="sm-1a9">
         <name>PCM_IRQHandler</name>
         <value>0x7f7</value>
      </symbol>
      <symbol id="sm-1aa">
         <name>WDT_A_IRQHandler</name>
         <value>0x7f7</value>
      </symbol>
      <symbol id="sm-1ab">
         <name>FPU_IRQHandler</name>
         <value>0x7f7</value>
      </symbol>
      <symbol id="sm-1ac">
         <name>FLCTL_IRQHandler</name>
         <value>0x7f7</value>
      </symbol>
      <symbol id="sm-1ad">
         <name>COMP_E0_IRQHandler</name>
         <value>0x7f7</value>
      </symbol>
      <symbol id="sm-1ae">
         <name>COMP_E1_IRQHandler</name>
         <value>0x7f7</value>
      </symbol>
      <symbol id="sm-1af">
         <name>TA0_0_IRQHandler</name>
         <value>0x7f7</value>
      </symbol>
      <symbol id="sm-1b0">
         <name>TA0_N_IRQHandler</name>
         <value>0x7f7</value>
      </symbol>
      <symbol id="sm-1b1">
         <name>TA1_0_IRQHandler</name>
         <value>0x7f7</value>
      </symbol>
      <symbol id="sm-1b2">
         <name>TA1_N_IRQHandler</name>
         <value>0x7f7</value>
      </symbol>
      <symbol id="sm-1b3">
         <name>TA2_0_IRQHandler</name>
         <value>0x7f7</value>
      </symbol>
      <symbol id="sm-1b4">
         <name>TA2_N_IRQHandler</name>
         <value>0x7f7</value>
      </symbol>
      <symbol id="sm-1b5">
         <name>TA3_0_IRQHandler</name>
         <value>0x7f7</value>
      </symbol>
      <symbol id="sm-1b6">
         <name>TA3_N_IRQHandler</name>
         <value>0x7f7</value>
      </symbol>
      <symbol id="sm-1b7">
         <name>EUSCIA0_IRQHandler</name>
         <value>0x7f7</value>
      </symbol>
      <symbol id="sm-1b8">
         <name>EUSCIA1_IRQHandler</name>
         <value>0x7f7</value>
      </symbol>
      <symbol id="sm-1b9">
         <name>EUSCIA2_IRQHandler</name>
         <value>0x7f7</value>
      </symbol>
      <symbol id="sm-1ba">
         <name>EUSCIA3_IRQHandler</name>
         <value>0x7f7</value>
      </symbol>
      <symbol id="sm-1bb">
         <name>EUSCIB0_IRQHandler</name>
         <value>0x45f</value>
      </symbol>
      <symbol id="sm-1bc">
         <name>EUSCIB1_IRQHandler</name>
         <value>0x7f7</value>
      </symbol>
      <symbol id="sm-1bd">
         <name>EUSCIB2_IRQHandler</name>
         <value>0x7f7</value>
      </symbol>
      <symbol id="sm-1be">
         <name>EUSCIB3_IRQHandler</name>
         <value>0x7f7</value>
      </symbol>
      <symbol id="sm-1bf">
         <name>ADC14_IRQHandler</name>
         <value>0x7f7</value>
      </symbol>
      <symbol id="sm-1c0">
         <name>T32_INT1_IRQHandler</name>
         <value>0x7f7</value>
      </symbol>
      <symbol id="sm-1c1">
         <name>T32_INT2_IRQHandler</name>
         <value>0x7f7</value>
      </symbol>
      <symbol id="sm-1c2">
         <name>T32_INTC_IRQHandler</name>
         <value>0x7f7</value>
      </symbol>
      <symbol id="sm-1c3">
         <name>AES256_IRQHandler</name>
         <value>0x7f7</value>
      </symbol>
      <symbol id="sm-1c4">
         <name>RTC_C_IRQHandler</name>
         <value>0x7f7</value>
      </symbol>
      <symbol id="sm-1c5">
         <name>DMA_ERR_IRQHandler</name>
         <value>0x7f7</value>
      </symbol>
      <symbol id="sm-1c6">
         <name>DMA_INT3_IRQHandler</name>
         <value>0x7f7</value>
      </symbol>
      <symbol id="sm-1c7">
         <name>DMA_INT2_IRQHandler</name>
         <value>0x7f7</value>
      </symbol>
      <symbol id="sm-1c8">
         <name>DMA_INT1_IRQHandler</name>
         <value>0x7f7</value>
      </symbol>
      <symbol id="sm-1c9">
         <name>DMA_INT0_IRQHandler</name>
         <value>0x7f7</value>
      </symbol>
      <symbol id="sm-1ca">
         <name>PORT1_IRQHandler</name>
         <value>0x7f7</value>
      </symbol>
      <symbol id="sm-1cb">
         <name>PORT2_IRQHandler</name>
         <value>0x7f7</value>
      </symbol>
      <symbol id="sm-1cc">
         <name>PORT3_IRQHandler</name>
         <value>0x7f7</value>
      </symbol>
      <symbol id="sm-1cd">
         <name>PORT4_IRQHandler</name>
         <value>0x7f7</value>
      </symbol>
      <symbol id="sm-1ce">
         <name>PORT5_IRQHandler</name>
         <value>0x7f7</value>
      </symbol>
      <symbol id="sm-1cf">
         <name>PORT6_IRQHandler</name>
         <value>0x7f7</value>
      </symbol>
   </symbol_table>
   <title>Link successful</title>
</link_info>
